fine value,/nmos0_U/D Y,/nmos1_U/D Y,/nmos2_U/D Y,/nmos3_U/D Y,/nmos4_U/D Y,/nmos5_U/D Y,/pmos0_U/S Y,/pmos1_U/S Y,/pmos2_U/S Y,/pmos3_U/S Y,/pmos4_U/S Y,/pmos5_U/S Y,/nmos_V<0> Y,/nmos_V<1> Y,/nmos_V<2> Y,/nmos_V<3> Y,/nmos_V<4> Y,/nmos_V<5> Y,/pmos_V<0> Y,/pmos_V<1> Y,/pmos_V<2> Y,/pmos_V<3> Y,/pmos_V<4> Y,/pmos_V<5> Y,,DAC nmos0 U offset form ideal,,,DAC nmos5 U offset form ideal
255,7.176552812743838e-11,5.72772792402766e-10,4.56800860356774e-09,3.642206417141828e-08,2.903579581363862e-07,2.275910875570377e-06,6.691117075512138e-11,5.36282379793291e-10,4.300384988602986e-09,3.44487593864882e-08,2.774193559125061e-07,2.244864591390948e-06,0.2685428843662976,0.3484910169699909,0.4321913770030393,0.5240504967916949,0.6291123407521204,0.7711288802071247,1.462304199429087,1.384715364733201,1.302773172454135,1.212073687751158,1.105854076517957,0.944346977005178,,0.00%,,,0.00%
254,7.145955211760083e-11,5.701878472665513e-10,4.547466211601376e-09,3.625261744945212e-08,2.889549055082353e-07,2.26536723219228e-06,6.660913501330951e-11,5.339509250218977e-10,4.280991720381229e-09,3.429090727090708e-08,2.760745633274854e-07,2.234521403954173e-06,0.2683896651388076,0.3483205396837143,0.4320026724902892,0.5238316283121237,0.6288425147644002,0.7707083466704066,1.462450916158617,1.384884282489394,1.302958919164425,1.212286676604689,1.106134574453226,0.9448490312707361,,-0.04%,,,-0.07%
253,7.118045072999271e-11,5.678355972022557e-10,4.528016364202998e-09,3.609326951308052e-08,2.876597240022445e-07,2.255898881211333e-06,6.633004331739814e-11,5.316937272037902e-10,4.262615605754652e-09,3.414028967722678e-08,2.748145387879406e-07,2.225025364778604e-06,0.2682316044951175,0.3481525715205012,0.4318232527941964,0.5236249255673,0.6285924209927994,0.7703296201502557,1.462624568504085,1.385045313837825,1.303135662577899,1.21249076008432,1.106399726431292,0.94531286151334,,-0.03%,,,-0.10%
252,7.081253852196806e-11,5.653437591332489e-10,4.507482274924814e-09,3.592368234749868e-08,2.862556682534679e-07,2.245350215286157e-06,6.60297664994066e-11,5.293167080904992e-10,4.243247860852803e-09,3.397916457619459e-08,2.734708080480155e-07,2.214491926826767e-06,0.2680398617814905,0.3479803491287171,0.4316330311515749,0.5234039969566437,0.6283201954357863,0.7699064929358829,1.462772193788509,1.38521561557164,1.303322728672696,1.212710014866253,1.106682311688944,0.9458271632289487,,-0.16%,,,-0.17%
251,7.054364224207791e-11,5.628609538316634e-10,4.489701224966048e-09,3.578119569843102e-08,2.85140158474679e-07,2.237508109789307e-06,6.577946532547271e-11,5.272200447255072e-10,4.226459040937091e-09,3.384396147408625e-08,2.723794184815873e-07,2.20675460624068e-06,0.2678960713989986,0.3478163837702661,0.4314676433337877,0.5232176146705245,0.6281030853098329,0.7695910909879026,1.462928712166942,1.385364878636043,1.303485543264582,1.212894746928248,1.106913541655715,0.9462075241646571,,-0.14%,,,-0.13%
250,7.023124845691337e-11,5.606029044818486e-10,4.469172432710223e-09,3.561122587674462e-08,2.837364733831985e-07,2.226956324373536e-06,6.54785167194475e-11,5.248281065757406e-10,4.207078229100369e-09,3.368303959333818e-08,2.710401153455692e-07,2.196174231694697e-06,0.2677217128436014,0.3476509607678716,0.4312759182769756,0.5229943684328145,0.6278288351851655,0.7691656062671276,1.463080500969499,1.385536617208899,1.303674260188137,1.21311552073487,1.107197524356151,0.9467261329075441,,-0.19%,,,-0.20%
249,6.993023322617938e-11,5.581532146744106e-10,4.449731748717144e-09,3.545212791655309e-08,2.824413771808403e-07,2.217483261178613e-06,6.519935662509957e-11,5.226049618015077e-10,4.188703435303791e-09,3.353202667598804e-08,2.697811128003123e-07,2.186748373238982e-06,0.2675578078209097,0.3474798463115413,0.4310935786933399,0.5227844929530028,0.6275747512275884,0.768782500277847,1.463256139878066,1.385700333300459,1.303853945444466,1.21332359888331,1.107466506304166,0.9471911555094313,,-0.22%,,,-0.23%
248,6.960655811955633e-11,5.556644365240291e-10,4.429180915781958e-09,3.52822771729517e-08,2.810369032433951e-07,2.206927819275537e-06,6.491667731742036e-11,5.201534247022752e-10,4.169335928567935e-09,3.33712980453848e-08,2.684365080272363e-07,2.17621788177995e-06,0.2673821002476301,0.3473049294982305,0.4308999978369135,0.5225594540563877,0.6272980589316676,0.7683543939289826,1.463406769001864,1.385873556810326,1.304044150782148,1.213546028914004,1.107753624349541,0.9477104030607445,,-0.28%,,,-0.31%
247,6.939942704950768e-11,5.53647879196438e-10,4.415601532898298e-09,3.517175880240974e-08,2.802735684452369e-07,2.201812297646089e-06,6.469436737767423e-11,5.183839533915006e-10,4.155545729012855e-09,3.326676365311677e-08,2.676719309674054e-07,2.171167970506365e-06,0.2672678629829904,0.3471708289756968,0.4307716141917216,0.5224124786871124,0.6271471702619597,0.7681464331746345,1.463542078777926,1.386000907811083,1.304180094559898,1.213691230792436,1.107912761475887,0.9479613839836257,,-0.18%,,,-0.14%
246,6.907168205446517e-11,5.512719024646211e-10,4.395060218571187e-09,3.500209402765238e-08,2.788697756005809e-07,2.191253798404072e-06,6.438806457484078e-11,5.159586930843164e-10,4.136164511084473e-09,3.310510977326079e-08,2.663457920318214e-07,2.1607143027776e-06,0.2670887481460768,0.3469947680115477,0.4305766920282382,0.5221859996480727,0.6268687444204526,0.7677162452240898,1.463710733351871,1.386175568213599,1.304371880900317,1.213916615842116,1.108203395638641,0.9484785918017908,,-0.25%,,,-0.21%
245,6.876875955674653e-11,5.48824745642158e-10,4.375600009394416e-09,3.48427490356598e-08,2.775745965827691e-07,2.181776672720793e-06,6.411478730769774e-11,5.138494858515801e-10,4.117793045326479e-09,3.29551038880217e-08,2.650869615548957e-07,2.151269373586818e-06,0.2669210391264569,0.3468208424960977,0.430391224607438,0.5219723549488527,0.6266107747590711,0.7673289535064852,1.463872379825014,1.38634206981774,1.30455446521665,1.214126683277958,1.108476299977075,0.9489489283138379,,-0.28%,,,-0.24%
244,6.845347022903833e-11,5.463352182316146e-10,4.355055801048153e-09,3.467313509962738e-08,2.761701919973008e-07,2.171215460656372e-06,6.380833509834703e-11,5.112089841605189e-10,4.098416913309988e-09,3.279445253385791e-08,2.637426077750457e-07,2.140522834603992e-06,0.2667460911371597,0.3466431122501339,0.4301945692848776,0.5217439310249556,0.6263298605410339,0.7668960973121669,1.464042681501604,1.38651815576033,1.304747874994274,1.214352652591238,1.108767505964099,0.9494837894307402,,-0.33%,,,-0.32%
243,6.817846336852031e-11,5.438781522631734e-10,4.337277521047314e-09,3.453028616632978e-08,2.750549862456277e-07,2.163367432057458e-06,6.356356058141094e-11,5.091828847828633e-10,4.081634792570939e-09,3.265880862039818e-08,2.626531342722124e-07,2.132724549767185e-06,0.2665930530622577,0.3464767713558783,0.4300236738384462,0.5215507364230562,0.6261059035102465,0.7665735492176301,1.464186767277986,1.3866724450242,1.304916095224816,1.214544254462124,1.109005397898463,0.9498747328839722,,-0.33%,,,-0.27%
242,6.786296656757819e-11,5.415651634368737e-10,4.316737552475545e-09,3.436066521727844e-08,2.736505722972651e-07,2.152804149591638e-06,6.325660480914058e-11,5.070232115218925e-10,4.062257361654014e-09,3.249825138902452e-08,2.613133269141364e-07,2.12224302757999e-06,0.2664167859380303,0.3463003694144973,0.4298253963877223,0.5213203566947392,0.62582273676422,0.7661382273469687,1.464361380444897,1.38685014467841,1.305111149834769,1.214772011583017,1.109298092618918,0.9503985760393284,,-0.38%,,,-0.35%
241,6.755825720734748e-11,5.39142158204003e-10,4.297279999640034e-09,3.420131965634486e-08,2.723556550362077e-07,2.143322232811555e-06,6.298398847766192e-11,5.047624982522841e-10,4.043897953448515e-09,3.234691683496799e-08,2.600545767556268e-07,2.112728192825606e-06,0.266245933864473,0.3461251788962024,0.429636734833566,0.5211029575648616,0.6255605204777978,0.7657462772615357,1.464525769496053,1.387019529068896,1.305296774470105,1.214987651585742,1.109575384918323,0.9508772785642263,,-0.42%,,,-0.38%
240,6.723675332879954e-11,5.366305369015718e-10,4.276735169578902e-09,3.403169404442384e-08,2.709512821912709e-07,2.13275583722466e-06,6.268394181365395e-11,5.023429628943106e-10,4.024513497587471e-09,3.218616201100612e-08,2.587109634829427e-07,2.10221858330901e-06,0.26606436944954,0.3459424092510053,0.4294366432422737,0.5208704848595074,0.6252749055714181,0.7653081897330293,1.464695352246583,1.387198808950205,1.305493634266416,1.215217750897305,1.109871023379448,0.9514058033386157,,-0.48%,,,-0.46%
239,6.710388928569726e-11,5.353594885166224e-10,4.268571132158396e-09,3.398885646592379e-08,2.708996628085345e-07,2.131892822534481e-06,6.255979287387459e-11,5.009831201117538e-10,4.017766494820837e-09,3.214569832891433e-08,2.586587687728609e-07,2.101385066888764e-06,0.265995966158289,0.3458602445739835,0.4293568764562907,0.5208116035744489,0.6252643828258696,0.7652723754377463,1.464766448997959,1.387281032813385,1.305562365270371,1.21527583866913,1.10987995249059,0.9514481163907498,,-0.26%,,,-0.08%
238,6.678253991077267e-11,5.329371127376552e-10,4.248028978814102e-09,3.381888787789854e-08,2.694904070706531e-07,2.121323901695072e-06,6.225965168161456e-11,4.988278673809946e-10,3.998382596993281e-09,3.198442976687698e-08,2.573072988969157e-07,2.090906724604433e-06,0.2658067407666347,0.3456725595519268,0.4291555226536228,0.5205772883745207,0.624976422958859,0.764832630350462,1.464944498119442,1.387461634315132,1.305760439077668,1.21550802993844,1.110182027613981,0.9519772315149743,,-0.33%,,,-0.16%
237,6.648399407433871e-11,5.305087053468691e-10,4.228580842302823e-09,3.365953265225031e-08,2.682000356997891e-07,2.111839229034867e-06,6.198004219616621e-11,4.966603332972123e-10,3.980012225822374e-09,3.183367545176494e-08,2.560508543978516e-07,2.081363932505002e-06,0.2656366435545898,0.3454944296259611,0.4289640332963728,0.5203565973226276,0.6247115980012194,0.7644367889242725,1.465115734318012,1.387633707418705,1.305949000425132,1.215726075656981,1.110462472718404,0.9524614786921137,,-0.35%,,,-0.19%
236,6.616198785076412e-11,5.27998950455615e-10,4.208023801640827e-09,3.349038879535719e-08,2.667935309005866e-07,2.101268857902562e-06,6.168009153689284e-11,4.941909786914421e-10,3.960629008935575e-09,3.167274407832734e-08,2.547047007148825e-07,2.0707135376777e-06,0.2654518749664277,0.3453088903559504,0.4287607085318741,0.5201212733312655,0.6244216660019783,0.7639942955399532,1.46528761603266,1.387815710347779,1.306148857202816,1.215959909870223,1.110762414613262,0.9530017007374763,,-0.42%,,,-0.27%
235,6.587915452358642e-11,5.257932850527743e-10,4.190240453776612e-09,3.334751639758293e-08,2.656802418686611e-07,2.093415353981367e-06,6.142887897137112e-11,4.921866726432686e-10,3.943847535942288e-09,3.153761929319196e-08,2.536126361368665e-07,2.062907917135885e-06,0.2652985248717509,0.3451453771933773,0.428584050601347,0.5199216282156217,0.6241912263848444,0.7636645901584296,1.465442482291954,1.38797524902577,1.306322640306559,1.21615710715865,1.111007926599472,0.9534005745851798,,-0.42%,,,-0.22%
234,6.55727047459296e-11,5.232917060664102e-10,4.169706890664813e-09,3.31774789833041e-08,2.642761493343488e-07,2.08284311324194e-06,6.112886106643945e-11,4.897359879476184e-10,3.924453601573679e-09,3.137628258821211e-08,2.5227681355573e-07,2.052280095718015e-06,0.2651118603602793,0.3449591117675589,0.4283791789483213,0.5196829734382782,0.6238993846722108,0.7632194789305633,1.465616937922435,1.388158969434259,1.306524355007689,1.216393595557547,1.111308295743175,0.9539419594978672,,-0.47%,,,-0.31%
233,6.52727434046373e-11,5.208239339935101e-10,4.150253932495898e-09,3.301810420106835e-08,2.629815154247007e-07,2.073354344694284e-06,6.084931103384098e-11,4.875732105161791e-10,3.906078192764413e-09,3.122569370932047e-08,2.510202006898373e-07,2.042839945520266e-06,0.2649378713650488,0.3447748091598562,0.4281841976436901,0.5194582383095182,0.6236290879830415,0.7628187323621082,1.465791624272103,1.388334254943266,1.306716352427244,1.21661535873763,1.111593465523817,0.9544262387664049,,-0.50%,,,-0.34%
232,6.495851984442648e-11,5.183160110414512e-10,4.129692278532341e-09,3.284846954648788e-08,2.615768109672325e-07,2.062779077008401e-06,6.054923896429058e-11,4.850967143300916e-10,3.886698912680127e-09,3.106409106695206e-08,2.496742152793988e-07,2.032298496179867e-06,0.2647542369845667,0.344586018309814,0.4279771518435862,0.5192179129977956,0.6233344882655942,0.7623706842595965,1.465966237549591,1.388519614190868,1.306919771599922,1.216854457350238,1.111898319270435,0.9549667128658984,,-0.55%,,,-0.42%
231,6.473077749192758e-11,5.164153716341882e-10,4.115100358319067e-09,3.273786854990333e-08,2.6081326553841e-07,2.057658879517997e-06,6.034375842009158e-11,4.834577512687146e-10,3.872925231157201e-09,3.096058197046409e-08,2.48939387113528e-07,2.027176071279742e-06,0.2646210055170697,0.3444447929141031,0.427829619785838,0.5190605931386725,0.6231737724367945,0.7621532159165281,1.466097667085497,1.388644773242959,1.30706493745453,1.217008216231841,1.112064414790011,0.9552316012519021,,-0.47%,,,-0.24%
230,6.440965700183633e-11,5.138968252495297e-10,4.093595507262378e-09,3.256825580222511e-08,2.594084539400362e-07,2.047080712070663e-06,6.004351605121399e-11,4.8107865967202e-10,3.852608047263453e-09,3.079941498421835e-08,2.475801876643741e-07,2.016628397572142e-06,0.2644317983445473,0.3442516995009418,0.4276112805823784,0.5188183614643457,0.6228769978510295,0.7617028117658882,1.466281198085917,1.388843051002964,1.307279966074582,1.217248584189015,1.112378039032463,0.9557758139143776,,-0.54%,,,-0.32%
229,6.411087164247557e-11,5.114928344047715e-10,4.074144275224023e-09,3.240932299026793e-08,2.581136595196745e-07,2.037588978885687e-06,5.976396653094302e-11,4.788198264823395e-10,3.834255472351452e-09,3.064875888507478e-08,2.463314150707797e-07,2.00707688330313e-06,0.2642554181220096,0.3440690018828462,0.4274128449452279,0.5185903039776242,0.6226022137054936,0.7612973741069921,1.46645218985497,1.38902123351007,1.307475131658821,1.217474342993252,1.112664756932594,0.9562694024627136,,-0.57%,,,-0.35%
228,6.379145826565592e-11,5.089888881044625e-10,4.053600337339817e-09,3.223926674099095e-08,2.56708876640369e-07,2.027009937095335e-06,5.946381401744248e-11,4.763890023742164e-10,3.814863295043786e-09,3.04875747771127e-08,2.44985358953463e-07,1.996457904265625e-06,0.2640653461927723,0.3438770881985015,0.4272022763262723,0.518345118249531,0.6223027158193676,0.7608440415407147,1.466633071281943,1.389210018051535,1.307682320008851,1.217717031170938,1.112974329893022,0.9568194475382559,,-0.63%,,,-0.44%
227,6.350263320222215e-11,5.066627155842279e-10,4.035817641966981e-09,3.209681204984073e-08,2.555938042014237e-07,2.019150984409415e-06,5.921278184609184e-11,4.743706772468905e-10,3.798085150506906e-09,3.03526586310651e-08,2.439001103635639e-07,1.988648622341737e-06,0.263905122271447,0.3437058039207465,0.4270191841718903,0.5181387908812929,0.6220639575818205,0.7605062607604069,1.466791882234272,1.389374408969952,1.30786238960708,1.217921093980363,1.113227194695815,0.9572270913863219,,-0.65%,,,-0.39%
226,6.320253506814661e-11,5.04082222997919e-10,4.015282271853941e-09,3.192676308720967e-08,2.541882300459735e-07,2.008570328806274e-06,5.891264327888772e-11,4.719349146836198e-10,3.778709046900695e-09,3.019147884431446e-08,2.425579717172446e-07,1.9780150618514e-06,0.2637129549962619,0.3435117047455884,0.4268067881812167,0.5178913669324092,0.6217616903724417,0.7600501222641114,1.466974635840276,1.389565867448894,1.308071285301787,1.218165997096057,1.113538120185663,0.9577803508651985,,-0.69%,,,-0.47%
225,6.289981420390814e-11,5.018084581690985e-10,3.99581944711152e-09,3.176737316484636e-08,2.528942880936356e-07,1.99907533845912e-06,5.863303892876209e-11,4.697354410238732e-10,3.760341925574209e-09,3.004060010126308e-08,2.41306328278667e-07,1.968553253385518e-06,0.2635308531244155,0.3433229012473464,0.4266045246501545,0.5176583249578591,0.6214821282854099,0.7596394540680258,1.467153207394981,1.389747269642128,1.308270245878469,1.218396360120908,1.113831875407347,0.9582762773203475,,-0.72%,,,-0.51%
224,6.256442231232679e-11,4.992271372507822e-10,3.975275490732429e-09,3.159772894642065e-08,2.51490389935223e-07,1.988491879695984e-06,5.833302034788058e-11,4.671233312769568e-10,3.740960690050805e-09,2.987988476387884e-08,2.399581580663632e-07,1.957928577358391e-06,0.2633376912276708,0.3431277165959343,0.426390001161559,0.5174090799445864,0.6211773836962983,0.7591802196772827,1.467337250156265,1.389935089630584,1.308481196707403,1.218642936308409,1.114147195919196,0.958832833450396,,-0.82%,,,-0.59%
223,6.259671914517209e-11,4.995108048126993e-10,3.980512496915914e-09,3.169750099982545e-08,2.528292935666873e-07,1.993016484040256e-06,5.836337307069921e-11,4.67583933221717e-10,3.74588954673276e-09,2.997444409448603e-08,2.412757176631087e-07,1.962518637570918e-06,0.2633560813459617,0.3431491961439673,0.4264447873681524,0.517555819109776,0.6214680527820076,0.7593768192866233,1.467319041609169,1.389921315305886,1.308427451236127,1.21849770950749,1.113836570788342,0.9585932511594556,,-0.32%,,,0.08%
222,6.227670269492282e-11,4.969297161984489e-10,3.959961132157456e-09,3.152784271474049e-08,2.514251052738638e-07,1.982432323770237e-06,5.80892000529979e-11,4.652042716956283e-10,3.726509332040908e-09,2.981416615459739e-08,2.398947976839504e-07,1.952030538809751e-06,0.2631624605471775,0.3429479778195942,0.4262293952358968,0.5173060356033703,0.6211631759654216,0.7589165270434481,1.46749146983594,1.390109894135821,1.308639167087213,1.218744122425872,1.114162113862231,0.9591431020052409,,-0.38%,,,-0.01%
221,6.19904727298453e-11,4.945720468432681e-10,3.940505509776387e-09,3.136846871908107e-08,2.501295996919482e-07,1.972935014609687e-06,5.77837020010059e-11,4.629480395835405e-10,3.708155902595807e-09,2.966304273154349e-08,2.386433250987962e-07,1.942442331303869e-06,0.2629776564718839,0.3427562332825851,0.4260244999518387,0.517070239943351,0.6208805651620016,0.7585022049120845,1.467688590499426,1.390298707150513,1.308840633952136,1.218977599863065,1.11445864964821,0.9596495091064986,,-0.39%,,,-0.04%
220,6.167113440700608e-11,4.920740993438045e-10,3.919961722219028e-09,3.119927348702837e-08,2.487229427974478e-07,1.962348692740739e-06,5.745958590945796e-11,4.60721491321819e-10,3.688764274941443e-09,2.950193979566466e-08,2.372959238395881e-07,1.931788105324575e-06,0.2627818217084973,0.342558388363736,0.4258070919122521,0.5168186782322376,0.6205722447983257,0.7580388395986423,1.467875013101599,1.390476657081745,1.309054530550521,1.219227724900768,1.114776627417873,0.9602119855026331,,-0.46%,,,-0.12%
219,6.139059198697402e-11,4.897142891071217e-10,3.902182270218969e-09,3.105641487691734e-08,2.476100788652002e-07,1.954486347261235e-06,5.723259203888989e-11,4.586247926303142e-10,3.671987461616595e-09,2.93665290737755e-08,2.362286639156116e-07,1.923927588828212e-06,0.2626143753706158,0.3423797597952446,0.4256180564620674,0.5166052737581747,0.6203272304583212,0.7576936005392862,1.468038361440982,1.390653798129498,1.30924044979232,1.219438952087187,1.115032254293387,0.9606303192774214,,-0.46%,,,-0.07%
218,6.107624791259184e-11,4.873302114055361e-10,3.881642239907787e-09,3.088652709632655e-08,2.462051266610275e-07,1.943898591444453e-06,5.692729878480593e-11,4.558445809370986e-10,3.652606538732453e-09,2.920584828092126e-08,2.348695419790505e-07,1.913324528919267e-06,0.262413729730014,0.3421806568596302,0.4253986415491597,0.5163502883379174,0.6200165195826228,0.7572272868450093,1.468227127847935,1.390861907671773,1.309456236426103,1.21969078462769,1.115355456595024,0.9611927048622473,,-0.52%,,,-0.16%
217,6.077958238666599e-11,4.848875000966041e-10,3.862186936079485e-09,3.0727364293335e-08,2.449104694461483e-07,1.934398608034656e-06,5.665300853700678e-11,4.538612343309313e-10,3.634236153007493e-09,2.905493900430199e-08,2.336184842511924e-07,1.903834049370997e-06,0.2622283491425106,0.3419848554569336,0.4251897874422771,0.5161102011798474,0.6197288148482593,0.7568074164999727,1.468413611835922,1.391049498512605,1.309661779960096,1.219928486842019,1.115657336332846,0.9616999285385556,,-0.55%,,,-0.19%
216,6.045556300529038e-11,4.823943750455225e-10,3.841638663542622e-09,3.055733997702284e-08,2.435054763241134e-07,1.923809158907724e-06,5.634762127178572e-11,4.516730357754093e-10,3.614864216242994e-09,2.889413039186114e-08,2.322712570036044e-07,1.893266843405433e-06,0.2620258287492919,0.3417837094523719,0.4249681045729882,0.5158524353311937,0.6194150700499275,0.7563378161927309,1.468602152438696,1.391227251812322,1.309879603571199,1.220183057822879,1.115980994436968,0.9622643842060401,,-0.62%,,,-0.28%
215,6.024536643661984e-11,4.803979589366597e-10,3.82704037228909e-09,3.044692106860202e-08,2.427420284146232e-07,1.918683162197524e-06,5.614729280968119e-11,4.497412373572041e-10,3.601095403038344e-09,2.878939768694724e-08,2.315333634396526e-07,1.888132974622666e-06,0.2618927177383696,0.3416298074425039,0.4248099221633053,0.5156843113900091,0.6192439168865822,0.7561098717157538,1.468742835679073,1.391378153869297,1.310035100523784,1.220349571387165,1.116161371662474,0.9625411851014,,-0.51%,,,-0.08%
214,5.991965682244082e-11,4.780015744145098e-10,3.806496660272391e-09,3.027709930842391e-08,2.413352872171229e-07,1.90809150849212e-06,5.584723445771147e-11,4.475853219496275e-10,3.581703983254746e-09,2.862862192253853e-08,2.301845565018624e-07,1.877534571566829e-06,0.2616876019943346,0.3414270277996855,0.4245863364780559,0.5154246187117661,0.6189273000672016,0.7556376386209083,1.468933914416048,1.391574121991221,1.310255058320118,1.220606294661798,1.116487529687158,0.9631096145971745,,-0.59%,,,-0.17%
213,5.961718866678598e-11,4.755572770793134e-10,3.78704784598957e-09,3.011786495384698e-08,2.40042261328183e-07,1.898588749930866e-06,5.556764024570782e-11,4.451077122593019e-10,3.563336386837792e-09,2.847762388101693e-08,2.289351460836851e-07,1.867994919378456e-06,0.2614951353520494,0.3412274090952465,0.4243736005673073,0.5151798695344132,0.6186348376396039,0.7552124300929558,1.469123139784568,1.391786656791002,1.310464450653608,1.220848637884233,1.11679415912632,0.9636251727405809,,-0.63%,,,-0.21%
212,5.930068256969872e-11,4.730338988433028e-10,3.766493599200628e-09,2.994801730180764e-08,2.386377737889201e-07,1.887995979689315e-06,5.52676482759281e-11,4.428971681979102e-10,3.54396106245299e-09,2.831692103191344e-08,2.27586350087292e-07,1.857367660976299e-06,0.2612925227978933,0.3410201987881841,0.4241476339338084,0.5149174629618049,0.6183155843721592,0.7547368321953555,1.469316273388602,1.391969228187666,1.310686447641913,1.221107882661551,1.117123633001597,0.9641991608084451,,-0.69%,,,-0.30%
211,5.904533346695773e-11,4.706478920486631e-10,3.748713169516446e-09,2.98051551061411e-08,2.375220872639061e-07,1.880129136153484e-06,5.501651858517735e-11,4.4065763274095e-10,3.527202473554713e-09,2.818154555371092e-08,2.265205886083938e-07,1.849554539477125e-06,0.261128630838257,0.3408336452809054,0.4239512078089294,0.5146956621379754,0.6180607934809988,0.7543824385285698,1.469487985096813,1.392157934942196,1.310879396654226,1.221327341329946,1.117388202441309,0.9646248060629199,,-0.65%,,,-0.25%
210,5.87052319525156e-11,4.682964539033133e-10,3.728172008051034e-09,2.963552571855237e-08,2.361175592900555e-07,1.869534149195164e-06,5.471628068534434e-11,4.382788387468383e-10,3.50781728751632e-09,2.80208166322044e-08,2.251613546534697e-07,1.838892005463788e-06,0.2609092918461893,0.3406273468299586,0.4237231699425979,0.5144310023588277,0.6177385317282388,0.753903632951332,1.469683711295076,1.392364871197663,1.311103678500289,1.221589186855087,1.117722860931026,0.9652035048394106,,-0.76%,,,-0.34%
209,5.840648726908862e-11,4.65870680599768e-10,3.708712360198641e-09,2.947610648653783e-08,2.348219966806722e-07,1.860029363672746e-06,5.443670059982307e-11,4.360221351866298e-10,3.489434660879763e-09,2.786987710205999e-08,2.239138789739693e-07,1.829399367086279e-06,0.2607159158040985,0.3404253881559576,0.4235060265957877,0.5141809713868188,0.6174397657169781,0.7534725145420564,1.469877118810287,1.392567074934964,1.311317453739242,1.221836368816832,1.118034938873631,0.9657229538687595,,-0.79%,,,-0.37%
208,5.808517774635184e-11,4.633568863059975e-10,3.688165748364534e-09,2.930643338897328e-08,2.334168270135345e-07,1.849433461039098e-06,5.413677452221721e-11,4.336440756930965e-10,3.470061743976415e-09,2.770910813677341e-08,2.225603303586276e-07,1.818755502724084e-06,0.2605062227737322,0.3402141612288938,0.4232755674236895,0.5139134579605182,0.6171140712300391,0.7529902047592181,1.470073691383865,1.392766521522945,1.311543908894224,1.22210103105478,1.118371142665767,0.9663049429240576,,-0.87%,,,-0.47%
207,5.795190234068463e-11,4.620960263337682e-10,3.6800048319482e-09,2.926329129285722e-08,2.333657720157811e-07,1.848570545393485e-06,5.401265945850084e-11,4.326068417973604e-10,3.462365075947722e-09,2.7668623315633e-08,2.225157947909009e-07,1.817944248618299e-06,0.2604251879407399,0.3401191419512501,0.4231836901053002,0.5138452062349861,0.6171022049284967,0.7529508743061117,1.470145516319456,1.392864885466375,1.31163421158385,1.222167905038654,1.118380725259645,0.9663499047142008,,-0.62%,,,-0.03%
206,5.763113865620796e-11,4.596987811534439e-10,3.659459992823988e-09,2.909377064521964e-08,2.319615673262976e-07,1.837973441044067e-06,5.371250179760058e-11,4.301778576345151e-10,3.442980022814222e-09,2.750741249656885e-08,2.211612758871887e-07,1.807300775827514e-06,0.2602081405496691,0.3399053738150862,0.4229515256067317,0.51357610157918,0.6167749331842486,0.7524664854247466,1.470362097578749,1.39306997329587,1.311862500356531,1.222435110388683,1.118722778262598,0.9669347167917329,,-0.69%,,,-0.13%
205,5.733115251545983e-11,4.572353088397117e-10,3.640008333389404e-09,2.89346070306321e-08,2.306665380463491e-07,1.828465777098534e-06,5.343297767307767e-11,4.27919791346828e-10,3.424633892439303e-09,2.735647304128594e-08,2.199170717910424e-07,1.797800056765027e-06,0.2600105162963401,0.3396965080998328,0.4227305616520833,0.5133220929752288,0.6164715484614028,0.7520303183222916,1.47055953741248,1.393276447948423,1.312079684417592,1.222686624626169,1.119039446413137,0.9674599165416052,,-0.73%,,,-0.16%
204,5.701547879498438e-11,4.547624671683704e-10,3.619455002181037e-09,2.87645587680417e-08,2.292613636807533e-07,1.817866914807156e-06,5.31329141817833e-11,4.255426775076698e-10,3.405250321871847e-09,2.719569739753463e-08,2.185645761164978e-07,1.787179005040053e-06,0.2598003850584893,0.3394848479148579,0.422495851374512,0.5130492580192408,0.6161406493510332,0.7515423203539667,1.470759459542408,1.393479263795128,1.312310356983267,1.222955963606311,1.119380507745908,0.9680469334032142,,-0.79%,,,-0.26%
203,5.672743538395456e-11,4.525129271232869e-10,3.601680549800391e-09,2.862165856240481e-08,2.281458728360642e-07,1.809996321708556e-06,5.286876563207511e-11,4.2347005266648e-10,3.388466974823814e-09,2.706038750317635e-08,2.175027279056541e-07,1.779348651018023e-06,0.2596181670818505,0.3392917217277416,0.4222918434655163,0.5128188057617502,0.615876685034551,0.7511786920158885,1.470938596441981,1.393670076414463,1.312511098251815,1.223183800124124,1.119653915698572,0.9684832694429195,,-0.81%,,,-0.20%
202,5.6425385161222e-11,4.499803343964324e-10,3.581130707470638e-09,2.845200512327422e-08,2.267411939292879e-07,1.799396258290836e-06,5.258170452788667e-11,4.210913971968674e-10,3.36908374827191e-09,2.689962194702541e-08,2.161478486499513e-07,1.768670543736703e-06,0.2594054386570253,0.339073164850115,0.4220547757588308,0.5125438004272953,0.615542656845406,0.7506873190149476,1.471141344486472,1.393876428079,1.312744117868822,1.223455891291927,1.119998588408047,0.9690761968713939,,-0.85%,,,-0.30%
201,5.612025884659531e-11,4.475480767495464e-10,3.561673106649947e-09,2.829258975999547e-08,2.254455207641799e-07,1.789885724935811e-06,5.230209565627253e-11,4.188335925363688e-10,3.350714756946624e-09,2.674858727028541e-08,2.148987642124012e-07,1.759153762647941e-06,0.2592000474933699,0.3388625161989053,0.4218291046742346,0.5122839822091173,0.6152329192858077,0.7502447515782223,1.471343721501769,1.39408772981117,1.312966126196368,1.223712905394049,1.120322750115324,0.9696092124076769,,-0.90%,,,-0.33%
200,5.58015633279313e-11,4.450364641451602e-10,3.541119110722831e-09,2.812290578927649e-08,2.240403038330888e-07,1.7792833847035e-06,5.197606799272193e-11,4.16457465709937e-10,3.331341997208408e-09,2.658786301161476e-08,2.135472830114846e-07,1.74856219852223e-06,0.2589834341369374,0.3386430457360177,0.421589431560987,0.5120059113367385,0.6148952047856348,0.7497495670841601,1.471550834088476,1.394298265096084,1.313201525836416,1.223987906471978,1.120670310232099,0.9702019379213244,,-0.98%,,,-0.43%
199,5.558942008014125e-11,4.43139517281338e-10,3.526519924553265e-09,2.801236507634939e-08,2.232769118077386e-07,1.774153047910759e-06,5.179645247016665e-11,4.148157154662219e-10,3.317571306812294e-09,2.648322465841723e-08,2.127988493941924e-07,1.743475666497344e-06,0.2588391540736745,0.3384789626460809,0.4214183848292727,0.5118239120788265,0.6147109508291665,0.7495092190637979,1.471679786911321,1.39443994370711,1.313369648705825,1.224167782657548,1.120861463155284,0.9704896289108665,,-0.86%,,,-0.22%
198,5.525995992036051e-11,4.406458494247811e-10,3.505970310097086e-09,2.784266295384805e-08,2.218728745335589e-07,1.763550234241126e-06,5.152272559967141e-11,4.123390703898684e-10,3.29818617216946e-09,2.632238467010501e-08,2.114633413137154e-07,1.732834242674868e-06,0.2586132327992873,0.3382570907555171,0.4211764690428063,0.511543188404133,0.6143706044278291,0.749011048540589,1.471890941906575,1.394673692079624,1.313607447137836,1.224445574297541,1.121213514919764,0.9710878176539255,,-0.95%,,,-0.32%
197,5.495803215995488e-11,4.382178106360086e-10,3.486517617635587e-09,2.768328841946944e-08,2.205775529228634e-07,1.754037451898287e-06,5.121681510323125e-11,4.100810317775789e-10,3.279827476164704e-09,2.617185985473418e-08,2.102176425542353e-07,1.723276814538556e-06,0.2584057194340668,0.3380424168599714,0.4209462118853038,0.5112780799564776,0.6140549109147165,0.7485623416304198,1.472112190754779,1.394885732445061,1.313833885233615,1.224706995542001,1.121542804951708,0.9716294861089062,,-1.00%,,,-0.36%
196,5.462622978727872e-11,4.356310537021574e-10,3.465960233288957e-09,2.751356341154987e-08,2.191720273545992e-07,1.743432664618583e-06,5.089275229525143e-11,4.077045638119679e-10,3.260458565942872e-09,2.601067245129999e-08,2.088686033141982e-07,1.712711123251136e-06,0.258184549710823,0.3378183262294465,0.4207015374067462,0.5109941715836628,0.6137104900847911,0.748060234313356,1.472323548580681,1.395100457886903,1.314074096464933,1.224988502401144,1.121896290628426,0.9722289062221865,,-1.10%,,,-0.46%
195,5.436180875082047e-11,4.333757953548129e-10,3.448180658773291e-09,2.73708558049535e-08,2.180567454811808e-07,1.735558688813414e-06,5.06656726754238e-11,4.056314689156158e-10,3.243676803080515e-09,2.587544573272552e-08,2.077984317305368e-07,1.704860658530904e-06,0.2579967826651855,0.3376179116352366,0.4204888007063117,0.510754179328071,0.6134357931324208,0.7476860466982924,1.472507411198264,1.395297239476182,1.314283324246178,1.225225934558825,1.122182445091951,0.9726773022989321,,-1.07%,,,-0.40%
194,5.404766699080913e-11,4.309491078351897e-10,3.427631064027423e-09,2.720098567668179e-08,2.16651542079004e-07,1.724952148081566e-06,5.035968900164648e-11,4.032530558421424e-10,3.224293360041513e-09,2.571472166705689e-08,2.06446606184042e-07,1.69422556518709e-06,0.257771976220131,0.3373922407719311,0.4202416068579232,0.5104669690548569,0.6130879035955705,0.7471802515772572,1.472722270302837,1.395514837105966,1.314526276437304,1.225509653008412,1.122540143293188,0.9732836674589977,,-1.14%,,,-0.50%
193,5.374663031135777e-11,4.285286415339913e-10,3.408185113330736e-09,2.704162152521368e-08,2.153568662087982e-07,1.715437423182826e-06,5.008597267195171e-11,4.009964366451772e-10,3.205946427670281e-09,2.556373155237252e-08,2.05204141890323e-07,1.68465828345024e-06,0.2575598251625272,0.3371724946680343,0.4200063777712327,0.5101959843710963,0.6127655965050648,0.7467246884373548,1.472930515117262,1.395731886780299,1.314757522797846,1.225777707431238,1.122875181517646,0.9738329392322925,,-1.19%,,,-0.54%
192,5.342239199704345e-11,4.260317619274466e-10,3.387622866722972e-09,2.687191510392632e-08,2.139520978302862e-07,1.704830353191812e-06,4.978590744906258e-11,3.98430879115347e-10,3.186554568576531e-09,2.540284919267016e-08,2.038494590063427e-07,1.674044015061348e-06,0.2573305603778661,0.3369448336792066,0.4197562422759979,0.5099057574425635,0.6124139256786961,0.7462148238705734,1.473141455169114,1.395950775991157,1.315003314761537,1.226064962320115,1.12323778146108,0.9744427038943427,,-1.28%,,,-0.64%
191,5.379609933133702e-11,4.291586621246317e-10,3.421093890747728e-09,2.727375842390492e-08,2.178124706555027e-07,1.713189697984409e-06,5.013261379765727e-11,4.015306730583226e-10,3.218107735046584e-09,2.578360553712535e-08,2.07566583135948e-07,1.682452781586343e-06,0.2576010438027129,0.3372291540819119,0.4201626725547791,0.5105902165076421,0.6133754608694255,0.7466170139848828,1.472875255587915,1.395681877678095,1.314604100146906,1.225387852606513,1.122244311881028,0.9739592679643641,,-0.05%,,,0.37%
190,5.344960601491597e-11,4.265142995400686e-10,3.400529322757345e-09,2.710404219071018e-08,2.164067445631796e-07,1.70258056943358e-06,4.979406342482398e-11,3.991523834885667e-10,3.198731154121684e-09,2.562278068571024e-08,2.062065043221496e-07,1.671783598269669e-06,0.2573586883942587,0.3369952397657056,0.4199134160599268,0.5103023036649937,0.6130270933313176,0.7461064315806923,1.473122107764042,1.395901128559897,1.314848810475213,1.225672700532336,1.122604118971266,0.974573076634452,,-0.18%,,,0.27%
189,5.316176190678782e-11,4.241557606017055e-10,3.381076297640589e-09,2.694464011234139e-08,2.151121300429106e-07,1.693064038503537e-06,4.953967207641155e-11,3.968952939073316e-10,3.180370576229905e-09,2.547189135408465e-08,2.049692645241418e-07,1.66227628392989e-06,0.2571447216020369,0.3367735381447638,0.4196762991975272,0.5100303400603334,0.6127044762154235,0.7456467179651308,1.473332256010623,1.396119949008066,1.315081996814313,1.225941479418611,1.122938320751232,0.9751237643990741,,-0.19%,,,0.23%
188,5.282775033318834e-11,4.215706764772497e-10,3.36052606505277e-09,2.677531272015881e-08,2.137073101258269e-07,1.682454644694109e-06,4.923422291394239e-11,3.943104040506518e-10,3.160993555171844e-09,2.531101631662106e-08,2.036183630706394e-07,1.651711289194056e-06,0.256915712704845,0.3365421879187024,0.4194243839240072,0.5097397801285988,0.6123524351349021,0.7451321980526354,1.473550688473395,1.396341699501093,1.315329488328629,1.226229695352451,1.123299926346491,0.9757355987799295,,-0.29%,,,0.13%
187,5.256399810742348e-11,4.193147047893864e-10,3.342735030453691e-09,2.663207063699613e-08,2.125919307993752e-07,1.674577547400171e-06,4.898862633755599e-11,3.924446410631382e-10,3.144219463980304e-09,2.517586740948305e-08,2.02549167967311e-07,1.643864073225209e-06,0.256720673427477,0.3363351228335155,0.4192050970618912,0.5094926293113897,0.6120714559905925,0.7447487243548858,1.473740709089782,1.396545011579121,1.315544904875714,1.226473152480796,1.123592350016752,0.9761942026700163,,-0.26%,,,0.19%
186,5.224711444390276e-11,4.169104239543451e-10,3.32218961574187e-09,2.646234675552581e-08,2.111863497765264e-07,1.663967237518099e-06,4.868437579164786e-11,3.898704602369063e-10,3.124837152172473e-09,2.501497554503484e-08,2.011975772641563e-07,1.633173948984452e-06,0.2564864209910805,0.3361030084824371,0.4189504643956665,0.5091981633196342,0.6117154950297452,0.7442302987582121,1.473961573526992,1.396769651094092,1.315795185468505,1.22676458614204,1.123957591261583,0.976816761177991,,-0.34%,,,0.09%
185,5.195019828925118e-11,4.144675454692561e-10,3.302727471691168e-09,2.630301676003274e-08,2.098907836051966e-07,1.654447814877812e-06,4.840896265366763e-11,3.87810876559656e-10,3.106480970457003e-09,2.486412679725991e-08,1.999549050174032e-07,1.623676793304741e-06,0.2562699797777003,0.3358750180878126,0.4187078613836335,0.508920109603619,0.6113855203445199,0.7437632281997221,1.474178132929867,1.396993838371434,1.31603358429081,1.227039429291257,1.124300279097729,0.9773747290408402,,-0.37%,,,0.05%
184,5.163050973491366e-11,4.11970103731206e-10,3.282176670115549e-09,2.613328456858348e-08,2.084864177327079e-07,1.643836365631019e-06,4.810883751166648e-11,3.852491836831852e-10,3.087101816215545e-09,2.47032572855722e-08,1.986044025795382e-07,1.613160656899827e-06,0.2560359191214138,0.3356396576005184,0.4184501957054906,0.5086221546045685,0.6110257774945591,0.7432404295195515,1.474396870793426,1.397220222973379,1.316286730938102,1.227334258639262,1.12466962274825,0.977992214455375,,-0.45%,,,-0.05%
183,5.144467216970792e-11,4.099632188353572e-10,3.267571161185788e-09,2.602267150673669e-08,2.077230048481087e-07,1.638702366809489e-06,4.790327358840779e-11,3.836911920770948e-10,3.073324524931172e-09,2.459867833151016e-08,1.978669603385321e-07,1.607984032573564e-06,0.2559004340205229,0.3354574161592867,0.4182661300669918,0.5084269987233707,0.6108293136620387,0.7429866333001841,1.474559881925767,1.397380494449377,1.316467624711491,1.227526890355614,1.124875087663322,0.9782997113499622,,-0.27%,,,0.18%
182,5.108949940853686e-11,4.075747417833612e-10,3.247034906390628e-09,2.585313062722775e-08,2.063176834834048e-07,1.628088505625415e-06,4.760316921552357e-11,3.813147738795323e-10,3.053954285612831e-09,2.443780869359312e-08,1.965222916951179e-07,1.597278006833356e-06,0.2556363769526839,0.3352226951912722,0.4180059835277997,0.5081263562212071,0.6104659644990379,0.7424603046294824,1.47478346653983,1.397625081122917,1.316723265447243,1.227824712948961,1.125247077892864,0.9789314571278309,,-0.41%,,,0.07%
181,5.078721738514795e-11,4.051346975018699e-10,3.227560391098708e-09,2.569371937731177e-08,2.05022266216548e-07,1.618568179907674e-06,4.732426839928229e-11,3.790584434810763e-10,3.035586282178168e-09,2.428682708770517e-08,1.952811146071181e-07,1.587803217990346e-06,0.25541103694523,0.3349897229952934,0.4177578252429373,0.5078419801070042,0.6101290692836673,0.7419861638270183,1.475007779095417,1.397854880222374,1.316967111626251,1.228105907234457,1.125596338494911,0.9794957152740652,,-0.46%,,,0.03%
180,5.046983912710399e-11,4.025967137481436e-10,3.207006658181285e-09,2.552420465326497e-08,2.036176793034557e-07,1.607953233171364e-06,4.70236252086002e-11,3.76876121117759e-10,3.016223626374473e-09,2.412608838405861e-08,1.939399310039789e-07,1.577157295733477e-06,0.2551728354866182,0.334748789285275,0.4174943525109894,0.5075377539207467,0.6097616279280899,0.7414552994954315,1.475236578863275,1.398070160430994,1.317225690911832,1.228407081498068,1.125973480001882,0.9801295747823904,,-0.54%,,,-0.07%
179,5.021881881592461e-11,4.00270686829173e-10,3.189222864335874e-09,2.538111897008474e-08,2.025019594645499e-07,1.600072798662724e-06,4.678713423489138e-11,3.746073006980433e-10,2.999442187355314e-09,2.399088826879411e-08,1.928671672820081e-07,1.569421105692761e-06,0.2549916988652878,0.3345309385189881,0.4172650768506328,0.507279476965047,0.6094681372002418,0.7410595993269248,1.475425768574826,1.398300537690006,1.317451083354794,1.228661865506301,1.126276234096786,0.9805949619921833,,-0.48%,,,-0.01%
178,4.98794807779275e-11,3.978664948154575e-10,3.168678589913777e-09,2.521158541700108e-08,2.010968957083416e-07,1.58945830564608e-06,4.647241887260188e-11,3.722301399342819e-10,2.980065765946116e-09,2.38301243897001e-08,1.915203491449058e-07,1.558715459441165e-06,0.2547265703793224,0.3342857231429321,0.4169986805595012,0.5069716817205977,0.6090964713869221,0.7405245123629113,1.475668061301462,1.398536914951505,1.317712830453478,1.228966583352879,1.126658871524711,0.9812359071531543,,-0.60%,,,-0.12%
177,4.957635435899986e-11,3.954474349334177e-10,3.149213843442103e-09,2.505182418090091e-08,1.998014694677906e-07,1.579934856910472e-06,4.619292560304578e-11,3.699728402557926e-10,2.961700402147455e-09,2.367918474176662e-08,1.902711300610788e-07,1.549199197747202e-06,0.2544958554544691,0.3340493670022092,0.4167447496252601,0.5066798416100179,0.6087517437746496,0.7400423427720573,1.47589436319702,1.398769574793313,1.317962422813272,1.229254440577911,1.127015639109286,0.9818114537229826,,-0.65%,,,-0.16%
176,4.925195468378076e-11,3.929545726836849e-10,3.128663979946423e-09,2.488212123054437e-08,1.98396428856253e-07,1.569318154486512e-06,4.589275440099944e-11,3.675973661804401e-10,2.942325016645643e-09,2.351836989930801e-08,1.889291537198047e-07,1.538600580159524e-06,0.2542489220583694,0.3338031530414328,0.4164750235739059,0.5063679170224652,0.6083755788386278,0.739502467336747,1.476127336665082,1.398991624524487,1.318227347669825,1.229563031242445,1.127401137981618,0.9824517932132035,,-0.75%,,,-0.27%
175,4.91218715363921e-11,3.916779759586892e-10,3.12049498144679e-09,2.48389472181728e-08,1.983449265903154e-07,1.568455319633862e-06,4.57687417515266e-11,3.66508748648805e-10,2.934635247989978e-09,2.347745648570956e-08,1.888740256670962e-07,1.537742982414306e-06,0.2541519446229257,0.3336883595201001,0.4163673294960741,0.5062882412143853,0.6083617451384831,0.7394584855990702,1.476215407473938,1.399120179766539,1.318332953646177,1.229641856670404,1.127417024256375,0.9825044009916466,,-0.44%,,,0.24%
174,4.880094309100041e-11,3.89264624803028e-10,3.099942933063038e-09,2.466936767150701e-08,1.969399185823742e-07,1.557837701612294e-06,4.546861789486591e-11,3.641292324165203e-10,2.91524861396836e-09,2.331683363928575e-08,1.875309147751327e-07,1.527121714190036e-06,0.2538974827787053,0.3334367225612844,0.4160951855157677,0.5059740234302464,0.6079831089271063,0.7389158611122729,1.476466893485894,1.399362021493874,1.318600372910317,1.229952570572152,1.127805301746687,0.9831499935796533,,-0.53%,,,0.13%
173,4.850051944995286e-11,3.868073016956991e-10,3.080485095240698e-09,2.450980446758449e-08,1.956440689947199e-07,1.548312893839576e-06,4.518909988843656e-11,3.618725460531169e-10,2.896898719830004e-09,2.316573583069213e-08,1.862833207743437e-07,1.517607193004199e-06,0.253663774882034,0.333191368719799,0.415835930694942,0.5056765042838173,0.6076317396107784,0.7384268783105378,1.476698767054927,1.399603636324329,1.318855059451189,1.230246697742267,1.128168107467572,0.9837327456251392,,-0.57%,,,0.09%
172,4.818412714162439e-11,3.842928957013828e-10,3.059924725684715e-09,2.434008504896654e-08,1.94239394868922e-07,1.537693998520325e-06,4.486780085921694e-11,3.594157436446475e-10,2.877512898702212e-09,2.300514124148334e-08,1.849394440237365e-07,1.50701015370963e-06,0.2534151277697371,0.3329375723887099,0.4155602728211824,0.5053580416496755,0.6072484999100173,0.7378792904531775,1.476936157984369,1.399852468616527,1.319125802144574,1.230561291475121,1.12856125143746,0.9843811120607243,,-0.65%,,,-0.02%
171,4.791180622278193e-11,3.820123425084378e-10,3.042143415941425e-09,2.419719121474621e-08,1.931232428459596e-07,1.529809856546299e-06,4.464868594397459e-11,3.574225883641412e-10,2.860743339396627e-09,2.286979872801323e-08,1.838674626679819e-07,1.499196952242245e-06,0.2532097815409906,0.3327133951453695,0.4153204374007127,0.5050882907805916,0.6069422032035077,0.7374710360106123,1.477139067182352,1.400069577497683,1.319361414199776,1.230828022555965,1.128876615556321,0.9848645475480606,,-0.64%,,,0.04%
170,4.75939229070481e-11,3.795469038904958e-10,3.021591636237085e-09,2.402745704777891e-08,1.91718469610782e-07,1.519190489876996e-06,4.43378034097889e-11,3.550447158353092e-10,2.841374906006577e-09,2.270903952145143e-08,1.825212025885405e-07,1.488532249991807e-06,0.252947806183055,0.3324551349571891,0.4150415518759606,0.5047659174346576,0.6065544385976801,0.7369188508573621,1.477388035385136,1.400312650637788,1.319635186719004,1.231146776054018,1.12927491346842,0.9855211346911418,,-0.72%,,,-0.07%
169,4.728948178273178e-11,3.771177260590338e-10,3.002127075094792e-09,2.386800961820497e-08,1.904225511151203e-07,1.509662966766502e-06,4.405834911857006e-11,3.52787437022522e-10,2.823014389715559e-09,2.255800470448338e-08,1.812750112105376e-07,1.479015675489576e-06,0.2527051015533701,0.3322065571833897,0.4147757360025007,0.5044611239941676,0.6061944549548269,0.7364211684052319,1.477626428949477,1.400561309375412,1.319896362264426,1.231448183391672,1.12964586188574,0.9861133494452524,,-0.78%,,,-0.11%
168,4.696056409116579e-11,3.746061395995722e-10,2.981570335920432e-09,2.369827638374479e-08,1.89017831027987e-07,1.499041733400438e-06,4.375819127424767e-11,3.504113501160332e-10,2.803626627191179e-09,2.23973414205997e-08,1.799399529188478e-07,1.468415211688981e-06,0.2524477927192764,0.331946568254592,0.4144932027295155,0.5041345564857642,0.6058017565055951,0.7358637629217664,1.477873317398226,1.400811246181455,1.32017391656584,1.231770891600562,1.130045703839494,0.9867722762752869,,-0.89%,,,-0.23%
167,4.674822739940963e-11,3.727228961731392e-10,2.966963024567402e-09,2.358767015983274e-08,1.882543800004239e-07,1.493903544227497e-06,4.355260782463995e-11,3.487587396037743e-10,2.789854071299108e-09,2.229290604518304e-08,1.791961998618505e-07,1.46337108601394e-06,0.2522687194973632,0.3317570530431299,0.4142913000465175,0.5039205633431293,0.6055872286892123,0.7355931333480102,1.478029536756078,1.400980933490163,1.320372199397866,1.231981827694783,1.130269561752461,0.987090006195497,,-0.74%,,,0.02%
166,4.6416109812163e-11,3.70145777090338e-10,2.946417215840523e-09,2.341808052539652e-08,1.868491756790303e-07,1.483280147101561e-06,4.327007809205505e-11,3.462933226604972e-10,2.770484997410097e-09,2.213187221450908e-08,1.778611135634965e-07,1.452619944723742e-06,0.2520076451820728,0.331488655835687,0.4140056942025444,0.5035906127408961,0.6051903190575059,0.7350315610334951,1.478280019812731,1.40125586014143,1.320652642467929,1.232308904768226,1.130673415987987,0.9877620172136338,,-0.86%,,,-0.09%
165,4.612658276953394e-11,3.677841470609577e-10,2.926955966586186e-09,2.325851191063084e-08,1.855536176934515e-07,1.473752015646136e-06,4.297301542350217e-11,3.440363266010839e-10,2.75213731837379e-09,2.198084844551217e-08,1.766056753710331e-07,1.443174072339576e-06,0.2517613561388232,0.3312340254071604,0.4137333958356645,0.5032780996520378,0.6048219964870596,0.7345254593139939,1.478539140679026,1.401506867879431,1.320920029095093,1.232617686614752,1.13105556660645,0.9883589182815847,,-0.89%,,,-0.14%
164,4.580674389876011e-11,3.652589841297236e-10,2.906396724920678e-09,2.308879337785247e-08,1.841485982677008e-07,1.463128226614708e-06,4.267287725162456e-11,3.416596493484457e-10,2.732747729209369e-09,2.182016332524158e-08,1.752602793060995e-07,1.432572633158113e-06,0.2514973730427585,0.3309673063294556,0.4134438396785206,0.5029434864635901,0.6044199323890971,0.7339584880523363,1.478787459849992,1.401762582903912,1.321204456447984,1.232948416389174,1.13146770832632,0.9890279551415045,,-0.98%,,,-0.26%
163,4.552292634750673e-11,3.630320888618999e-10,2.888603255660386e-09,2.294586418172111e-08,1.830326016036748e-07,1.455241185690081e-06,4.242190235647317e-11,3.395864211355037e-10,2.715984837871851e-09,2.168482397157712e-08,1.74190816679519e-07,1.424818143875205e-06,0.25127391791062,0.330728901699699,0.4131916443865314,0.5026598905076516,0.6040986052165496,0.7335357197676862,1.479010434076393,1.401997051270105,1.321451910451415,1.233228756952802,1.131797273434636,0.9895232612308634,,-0.99%,,,-0.19%
162,4.521614642791155e-11,3.604436689344e-10,2.868052916156457e-09,2.277611726633383e-08,1.816273769073841e-07,1.444615781151192e-06,4.212160761807337e-11,3.372089998957604e-10,2.696607896182284e-09,2.152410101191479e-08,1.72843871964436e-07,1.414106225231229e-06,0.251005462327222,0.3304515739554809,0.4128985113883081,0.5023209164291147,0.6036914846108991,0.7329636631046921,1.479262768282726,1.402255512861776,1.321739777527428,1.233563818334994,1.132214841372995,0.9902039454940259,,-1.06%,,,-0.31%
161,4.491522628654668e-11,3.580905828584658e-10,2.848594065380634e-09,2.261670090821281e-08,1.803320835729025e-07,1.435085357112584e-06,4.18421881744992e-11,3.349521481189752e-10,2.678251368511824e-09,2.137305740319437e-08,1.7160124845537e-07,1.40465059253268e-06,0.2507524138729383,0.3301979661268797,0.4126190821086818,0.5020004003400834,0.6033136944239166,0.7324479995666663,1.479515058641743,1.402513712137611,1.322014313738492,1.233880848931933,1.132602568519213,0.9908114240761707,,-1.11%,,,-0.36%
160,4.459525675367777e-11,3.555553020622134e-10,2.828029816688276e-09,2.244696309316945e-08,1.789265278291736e-07,1.424458236475252e-06,4.15307407361854e-11,3.325754195814891e-10,2.658868236413778e-09,2.121240049034099e-08,1.702556588961987e-07,1.393997131368705e-06,0.2504814564958736,0.3299220950631943,0.4123217795222914,0.5016567871430628,0.6029009702631468,0.7318702125869541,1.479778653372645,1.402775557343905,1.322306161899683,1.234220374183823,1.133025169744477,0.9914951354472622,,-1.21%,,,-0.48%
159,4.461545462875368e-11,3.557218017824913e-10,2.833259675139431e-09,2.254680974281494e-08,1.80266913346749e-07,1.429005700010428e-06,4.157242433887853e-11,3.328003582574301e-10,2.663796932165499e-09,2.130687285426036e-08,1.715405669198274e-07,1.398609570013603e-06,0.2505090249216905,0.3299478408583302,0.4123975853486189,0.5018592091826155,0.6032946221503507,0.7321178883121784,1.479724828025102,1.402755781037839,1.322231759202596,1.234020429238528,1.132621564615195,0.9912005566655483,,-0.53%,,,0.46%
158,4.430728016868067e-11,3.532578203920604e-10,2.812708663984465e-09,2.237700619449966e-08,1.788608365803162e-07,1.418378715363483e-06,4.127242636130216e-11,3.302673169025803e-10,2.644418915936502e-09,2.114638742552787e-08,1.701927744058649e-07,1.387892074893463e-06,0.2502353041694027,0.3296744127133163,0.412098924587027,0.5015144560769658,0.602881609488233,0.7315383155254611,1.480006905642494,1.403019338500705,1.322525048164792,1.23436058360377,1.133044990050197,0.9918894764767783,,-0.60%,,,0.34%
157,4.400475634546773e-11,3.508534947391218e-10,2.793241459881053e-09,2.22176323072475e-08,1.77565381768575e-07,1.408846383070867e-06,4.099284311408958e-11,3.281670675178271e-10,2.626054450359137e-09,2.099537474539432e-08,1.68949544125654e-07,1.378432928476646e-06,0.2499762475054973,0.3294064408602089,0.4118140745652695,0.5011886314437773,0.6024984931823462,0.731015862445627,1.48026523646877,1.403283217982508,1.322804898468703,1.23468288092421,1.133438145376922,0.9925045852704281,,-0.65%,,,0.30%
156,4.368686028082599e-11,3.483273269674286e-10,2.772680677631179e-09,2.204815646399238e-08,1.761605719493905e-07,1.398217201592218e-06,4.069286694580517e-11,3.25791192179307e-10,2.606689845352865e-09,2.083452548085113e-08,1.676051643253417e-07,1.367775280714268e-06,0.2497009104876698,0.3291258992323426,0.4115111442932892,0.5008397325018322,0.6020801786178986,0.7304304178338192,1.480529100492861,1.403533532946143,1.323102022713557,1.235028574734268,1.133866115979519,0.9931966572316511,,-0.75%,,,0.17%
155,4.342835567155692e-11,3.460112666898568e-10,2.754892055633978e-09,2.19049208025541e-08,1.750445989407572e-07,1.390328142300005e-06,4.045462571436361e-11,3.237168281907565e-10,2.589920324392572e-09,2.069919526062168e-08,1.665331224315682e-07,1.360033500963369e-06,0.2494825377578281,0.3288790667944321,0.4112473106553792,0.5005428805733396,0.6017457225061095,0.7299938777815272,1.480748465118717,1.403797129367955,1.323361038271166,1.235321370325821,1.134209526429632,0.9937059021131367,,-0.70%,,,0.25%
154,4.309076515370554e-11,3.436085101665191e-10,2.734337725710924e-09,2.173519262109965e-08,1.736393557033646e-07,1.379701451041506e-06,4.012945810002678e-11,3.213407381833358e-10,2.570541742103346e-09,2.053845834614681e-08,1.651904315998049e-07,1.34931664475543e-06,0.2491826983619513,0.3285970147370405,0.4109404107001355,0.5001887496885333,0.601321825516291,0.7294030368850731,1.481038245416514,1.404051242686724,1.323662356462416,1.235671479504005,1.134642347652337,0.9944067180522935,,-0.84%,,,0.12%
153,4.279419045247255e-11,3.411619435037384e-10,2.714869156718568e-09,2.157570910859318e-08,1.723436368278705e-07,1.370165811436987e-06,3.986198998731872e-11,3.190818276381605e-10,2.552199985872925e-09,2.038774447339787e-08,1.639486257035121e-07,1.339880005617225e-06,0.248919282665396,0.3283208710886278,0.4106476708776085,0.4998536142417845,0.6009282144962512,0.7288701321618553,1.481288561714379,1.404338329501402,1.323949560003092,1.236002102319159,1.135045372700924,0.9950314418768387,,-0.88%,,,0.08%
152,4.24725142838952e-11,3.386426842239031e-10,2.694313716391508e-09,2.140594803894997e-08,1.709382930242615e-07,1.359535513303951e-06,3.95619823054825e-11,3.165876770522167e-10,2.532811462028345e-09,2.022679034353162e-08,1.626033937040522e-07,1.329212555161954e-06,0.2486327058761085,0.3280329581793919,0.4103363902145561,0.4994943103681862,0.600498269662013,0.7282729863453886,1.481559063833693,1.404611371948078,1.32425530768244,1.236357733530367,1.135484965081508,0.99573657583355,,-0.99%,,,-0.05%
151,4.22589490203534e-11,3.36762117413222e-10,2.679701786942556e-09,2.12953322138249e-08,1.701744943022371e-07,1.354392793616539e-06,3.9356531938436e-11,3.149658186906301e-10,2.519042026128517e-09,2.012232033474783e-08,1.618721295290055e-07,1.324189160675431e-06,0.2484417125445978,0.3278193553927414,0.4101137236534708,0.4992587431377667,0.6002632553717671,0.7279829590472078,1.481755884956856,1.404816007520664,1.324473806998498,1.236589987138307,1.135725252907495,0.9960737171556868,,-0.83%,,,0.23%
150,4.19340229030486e-11,3.342522326053498e-10,2.659145026336905e-09,2.11255926734478e-08,1.687684000398158e-07,1.343763010662592e-06,3.907598383173276e-11,3.125881599307969e-10,2.499665795003469e-09,1.996149593332554e-08,1.605256494679753e-07,1.313556861241662e-06,0.2481492804952907,0.3275274420687941,0.409798481414374,0.4988950171381138,0.5998281086636843,0.7273808591244092,1.482011560815153,1.40510259464994,1.324783219492031,1.236949748679573,1.136170174178222,0.9967810056266776,,-0.95%,,,0.10%
149,4.163051657198881e-11,3.31826512525101e-10,2.639676945553987e-09,2.096610085113532e-08,1.674736951250244e-07,1.334227006712178e-06,3.87768811911286e-11,3.103321357629138e-10,2.481321204541341e-09,1.981027789030772e-08,1.592854723102148e-07,1.304079402778553e-06,0.2478750801618771,0.3272461265601691,0.4094977665989868,0.4985507351507051,0.5994245258584771,0.7268378759171629,1.482297771333566,1.405382966177521,1.325078279012967,1.237290512944955,1.136582849575747,0.9974192324968451,,-1.01%,,,0.05%
148,4.129963881373446e-11,3.293100713488366e-10,2.619125398176437e-09,2.079635889977893e-08,1.660683201692645e-07,1.323594041013672e-06,3.845869593523317e-11,3.079547993411587e-10,2.461937405691141e-09,1.964961998386738e-08,1.579413639024804e-07,1.293471035862067e-06,0.2475803689992871,0.3269505421150792,0.4091779932012671,0.4981816086149793,0.5989832387017785,0.7262292019533269,1.482575449098433,1.405662850330181,1.325392329000741,1.237655236824495,1.137033277667667,0.9981326614911048,,-1.14%,,,-0.08%
147,4.102961087416382e-11,3.27017697612697e-10,2.601327144031663e-09,2.065342400536251e-08,1.649525680354481e-07,1.315701972839825e-06,3.822564517359749e-11,3.058819509848664e-10,2.445178881584534e-09,1.951428129252997e-08,1.56871306823481e-07,1.285805052192381e-06,0.2473328352022814,0.3266878149032187,0.4088991041401054,0.4978685715066191,0.5986304801924094,0.7257751635488447,1.482820819903932,1.405925138778141,1.325665757266439,1.237964661553194,1.137394260122707,0.9986552085020206,,-1.12%,,,0.00%
146,4.07101266616514e-11,3.245049655873073e-10,2.580767748319121e-09,2.048327744832193e-08,1.635469182964874e-07,1.305069332720474e-06,3.792546059604e-11,3.035046468271296e-10,2.425773724260182e-09,1.935356073355782e-08,1.555277794797828e-07,1.275074212104349e-06,0.2470365630929608,0.3263884219798965,0.4085746560388782,0.4974932694986889,0.5981829794926835,0.7251604085511418,1.483102204766395,1.406213365768936,1.325984615985479,1.238334745979456,1.137850547821121,0.9993856207233965,,-1.23%,,,-0.14%
145,4.041899791240211e-11,3.221294824637662e-10,2.561303004655942e-09,2.032419648888183e-08,1.622508192484011e-07,1.295531064512417e-06,3.76460454271386e-11,3.012474011813798e-10,2.40745068761662e-09,1.920252173505106e-08,1.542866611985473e-07,1.265599505299989e-06,0.2467561486576061,0.3260980400907518,0.40826518344679,0.4971397115188638,0.5977672579002534,0.7246058620563773,1.483379963999973,1.406498306449015,1.326287941519946,1.238685177999707,1.138275119476869,1.000032150618919,,-1.26%,,,-0.19%
144,4.009406556545248e-11,3.196122031201962e-10,2.540737908383946e-09,2.015442893348013e-08,1.608457126854641e-07,1.284895930422174e-06,3.734587644828547e-11,2.988712646624267e-10,2.388075824363253e-09,1.904185941836279e-08,1.529425953965842e-07,1.25499576613128e-06,0.2464544802688584,0.3257945393108324,0.4079357486739687,0.4967595174651959,0.5973131594084047,0.7239841428586097,1.483664713204083,1.406790446764341,1.326611091447176,1.23906079111526,1.138738282531336,1.000762745710414,,-1.38%,,,-0.33%
143,3.99514491576961e-11,3.183694848004595e-10,2.532584335087244e-09,2.011120767433007e-08,1.607944885379834e-07,1.284034565637642e-06,3.722180669030584e-11,2.977838442291764e-10,2.380371904009382e-09,1.900099066585774e-08,1.528938387508882e-07,1.254065162378213e-06,0.2463268780185164,0.3256502857560833,0.407804424951602,0.4966622421310265,0.5972965370994048,0.723933616488608,1.483770144613256,1.406931802885167,1.326740281322869,1.239156813304806,1.138755150685776,1.000824034332316,,-1.04%,,,0.30%
142,3.964390206781483e-11,3.159286891104251e-10,2.512014899877994e-09,1.99414319364789e-08,1.593887743168366e-07,1.273398974950488e-06,3.691203643970834e-11,2.954059718173502e-10,2.360996221796721e-09,1.884024084356428e-08,1.515486064912935e-07,1.243558049352333e-06,0.2460226914268394,0.3253448411742859,0.4074713117652374,0.4962782241008264,0.5968384968555529,0.7233078963315155,1.484091156528732,1.407227697441801,1.327066976275695,1.239536391356374,1.139222418813145,1.001553521865299,,-1.12%,,,0.16%
141,3.934305673820503e-11,3.134927223399616e-10,2.492544722508803e-09,1.978196499164552e-08,1.580930270928259e-07,1.263859537682916e-06,3.664228812007784e-11,2.931487924249074e-10,2.342651098523246e-09,1.868918547112943e-08,1.503077895983584e-07,1.234042892427783e-06,0.2457345891908937,0.3250460563572639,0.4071535738096599,0.4959147100479531,0.5964130319204908,0.7227434515905851,1.484367893099935,1.40752089691526,1.327378668270699,1.239895861257784,1.13965664261088,1.002213666554001,,-1.18%,,,0.11%
140,3.902289766049143e-11,3.109863086930946e-10,2.471991474067913e-09,1.961216375172153e-08,1.566877251418936e-07,1.253222561766918e-06,3.633211236084149e-11,2.907728023993156e-10,2.323269399053451e-09,1.852854264782813e-08,1.489640263530866e-07,1.223487754114885e-06,0.2454249243566418,0.3247347668463953,0.4068155590845901,0.4955245929578367,0.5959480025938797,0.7221104833782382,1.484669424085022,1.407820329649332,1.327710520370097,1.240281154287699,1.140130442333729,1.002952464280173,,-1.29%,,,-0.02%
139,3.876995644737961e-11,3.086562017260908e-10,2.45419473452801e-09,1.94692504593741e-08,1.555716813967093e-07,1.245327708976668e-06,3.61017080320373e-11,2.887000220474315e-10,2.306510060860649e-09,1.839319845396157e-08,1.478964044181691e-07,1.215768363323783e-06,0.2451778070786918,0.3244541696824091,0.4065206852566242,0.495193778277764,0.5955759868078521,0.7216381891488434,1.484911075550945,1.408095186539172,1.327999616018389,1.240608213960204,1.140509550550449,1.003494370232503,,-1.23%,,,0.06%
138,3.843323133740439e-11,3.061850990965324e-10,2.43363002176795e-09,1.929911009702997e-08,1.541660569263981e-07,1.234690234344162e-06,3.578900060730913e-11,2.863221957023368e-10,2.287131664369382e-09,1.823249588224332e-08,1.465519520620474e-07,1.205058311829753e-06,0.2448474911035986,0.3241368610071748,0.4061773748865642,0.4947969442765616,0.5951039799106157,0.7209984217375143,1.485219520614071,1.408398291733098,1.328336407489904,1.240999501678521,1.140990384072906,1.004250069372294,,-1.39%,,,-0.09%
137,3.813127222823989e-11,3.037964923026491e-10,2.414174664809883e-09,1.914000786316311e-08,1.528700762847703e-07,1.225149300728956e-06,3.551151583118075e-11,2.840667864043354e-10,2.268788731516895e-09,1.808154651731246e-08,1.453120661484395e-07,1.195590696618553e-06,0.2445497780309475,0.3238309963206481,0.405850003877234,0.4944228637709205,0.5946653140654701,0.7204212027983286,1.485513379055077,1.408701191063225,1.328657729381012,1.241370004741868,1.141437258602423,1.00491989764149,,-1.46%,,,-0.14%
136,3.781269498715948e-11,3.012753354989285e-10,2.393596071813228e-09,1.89704441123708e-08,1.514645669741447e-07,1.214509975979969e-06,3.52095594941975e-11,2.8185199449371e-10,2.249405539944969e-09,1.792080494491874e-08,1.439683182862469e-07,1.184997977493518e-06,0.2442311758083511,0.3235075319653507,0.4055009567743565,0.4940209492709798,0.5941857373029148,0.7197737472001888,1.485820486331588,1.408992025614776,1.328999988448671,1.24176775192238,1.141925358127908,1.00567711663545,,-1.57%,,,-0.28%
135,3.758925620035145e-11,2.993933923918416e-10,2.378985394929812e-09,1.88595313643571e-08,1.50700918200261e-07,1.209365319711361e-06,3.500587326576231e-11,2.800357830875713e-10,2.235637258929434e-09,1.78161425130608e-08,1.432385933393239e-07,1.17989218459006e-06,0.2440067716362199,0.3232670572634375,0.4052513771142239,0.4937562203275678,0.5939234718992205,0.7194591755972038,1.486038334803954,1.409227436435258,1.329244822010778,1.242028540174397,1.142192098834333,1.006042353509983,,-1.43%,,,0.02%
134,3.726794677890483e-11,2.969083367019051e-10,2.358427258792473e-09,1.868973019119366e-08,1.492950149086716e-07,1.198725923788363e-06,3.470384029082565e-11,2.774184161968887e-10,2.216260434494387e-09,1.765536080852388e-08,1.418941002313175e-07,1.169264567848447e-06,0.24368182436326,0.3229429945386812,0.4048976919444304,0.4933480812532789,0.5934374547377369,0.7188056049950153,1.486348652638525,1.409564253304424,1.329591846681406,1.242431979568162,1.142686699297361,1.006807306459252,,-1.55%,,,-0.12%
133,3.6968252271987e-11,2.944613062750206e-10,2.338956516282013e-09,1.853037284020936e-08,1.479997113656007e-07,1.18918247548967e-06,3.442617809888932e-11,2.753156477433908e-10,2.197918056093898e-09,1.750462186582837e-08,1.406549725050757e-07,1.159850607344831e-06,0.2433770673188544,0.3226241225536103,0.4045599661603526,0.492961856420228,0.5929859709648589,0.7182157822322931,1.486647469136555,1.40987384296808,1.329923033158569,1.242813367769279,1.143146198579927,1.007486430444976,,-1.61%,,,-0.18%
132,3.664951128185134e-11,2.919399189060075e-10,2.318388016385631e-09,1.836048458709962e-08,1.465938263031986e-07,1.17854190646166e-06,3.412608869243895e-11,2.730483904385256e-10,2.178539449839712e-09,1.734353968981829e-08,1.393113163665028e-07,1.149259784913325e-06,0.2430482832068029,0.3222906878396982,0.404200245672685,0.4925466483103663,0.5924918537405983,0.7175540825993072,1.486942594935291,1.410176035221249,1.33027581822116,1.243224352596223,1.143648499437957,1.008258650963368,,-1.73%,,,-0.33%
131,3.636922400971251e-11,2.896606867999192e-10,2.300593294104474e-09,1.821750904608189e-08,1.454776348607422e-07,1.17064412129869e-06,3.387508918733261e-11,2.708670146638938e-10,2.161772099007219e-09,1.720832265059099e-08,1.382429806293956e-07,1.141518084707856e-06,0.2427661129552095,0.3219950697247638,0.4038865466546243,0.4921944016077724,0.5920964697240899,0.7170601752087913,1.487236845366938,1.410484275016402,1.33058350025529,1.243572124472829,1.144050928064807,1.008824629901345,,-1.75%,,,-0.25%
130,3.605110331481681e-11,2.871921728356508e-10,2.280033132403646e-09,1.804791716248367e-08,1.440722534817292e-07,1.160002028527061e-06,3.358580350486407e-11,2.684891748752823e-10,2.142400675398012e-09,1.70475976431384e-08,1.36900862110257e-07,1.130851619593272e-06,0.2424336411198916,0.3216570557546992,0.4035211725898213,0.4917731890081395,0.5915946966362151,0.7163907699255807,1.487538254228693,1.410805387491,1.330941826989605,1.24398885836297,1.14456038617647,1.00960874081309,,-1.87%,,,-0.40%
129,3.575554007523163e-11,2.847649850044803e-10,2.260561158509012e-09,1.788819671891366e-08,1.427760645941909e-07,1.150457269162319e-06,3.329538829928838e-11,2.662333701439573e-10,2.124056320867169e-09,1.689703337344288e-08,1.356624029431828e-07,1.121391314966053e-06,0.2421145159734522,0.3213302350604909,0.4031721980799308,0.4913730712416958,0.5911279377618253,0.7157866085633771,1.487867380341777,1.411130205535154,1.331284029064882,1.244382611081217,1.145034415074786,1.010306197977997,,-1.92%,,,-0.46%
128,3.542978081634823e-11,2.82195020671179e-10,2.239994968074456e-09,1.77186290647876e-08,1.413706032803823e-07,1.139813750329182e-06,3.299528639642486e-11,2.638564522964521e-10,2.104677706689278e-09,1.673589650923969e-08,1.34319053530712e-07,1.110804929546571e-06,0.2417765661776172,0.3209864824011222,0.4028004538618866,0.4909445855849119,0.5906174419300347,0.7151085715677411,1.488191389800012,1.4114612814414,1.331648614835241,1.244807683636882,1.145552925257121,1.011095409635743,,-2.07%,,,-0.62%
127,3.644158184222714e-11,2.912550838492414e-10,2.333496292499917e-09,1.874531726848461e-08,1.492529947159573e-07,1.143475255112122e-06,3.393497450185984e-11,2.723165113444778e-10,2.19277991085764e-09,1.770813049108169e-08,1.418535099285066e-07,1.114542733278998e-06,0.242832906991861,0.3221999168975557,0.4044647708001884,0.4934820750734878,0.5934228644674279,0.7153423231133782,1.487173505412384,1.410285250004221,1.330016281257451,1.242299188620397,1.142701695219003,1.010816890537134,,1.53%,,,0.48%
126,3.611558591995258e-11,2.887393644537121e-10,2.312937680577951e-09,1.857551965069936e-08,1.478473940221596e-07,1.132831745504859e-06,3.363484517906689e-11,2.699385961197643e-10,2.17340258004077e-09,1.754724326532164e-08,1.405097754575111e-07,1.103836260799736e-06,0.2425014588609616,0.3218646814349753,0.404104410081512,0.4930715925968369,0.5929326439332269,0.7146612823112267,1.487490648159578,1.410603829510709,1.330369838368745,1.242705218317022,1.143200273924916,1.011616316116307,,1.42%,,,0.33%
125,3.582034541556085e-11,2.863103118130213e-10,2.293457799181289e-09,1.841616025044988e-08,1.465517342470403e-07,1.123285529249752e-06,3.335537537399116e-11,2.67683277404626e-10,2.155047839221768e-09,1.739643101718511e-08,1.392707205321661e-07,1.094433489866265e-06,0.2421820672572431,0.3215382288183201,0.4037600996722153,0.4926831171758475,0.5924769934816599,0.7140464416978745,1.487802811343525,1.410928014520361,1.330707533692885,1.243089011560763,1.143663741654711,1.012322599063379,,1.39%,,,0.28%
124,3.548593531898046e-11,2.837435811853117e-10,2.272904070717184e-09,1.824625014582004e-08,1.451458956595514e-07,1.112641016628353e-06,3.306300453815597e-11,2.653061822233003e-10,2.135674172639226e-09,1.723554985962797e-08,1.379270855105874e-07,1.083842998439184e-06,0.2418366205568208,0.3211975592162531,0.4033937407346744,0.4922654192100286,0.5919784262037012,0.7133563712600146,1.488116730911195,1.411256233559503,1.331066978351408,1.243501891340649,1.144170446219479,1.013122868060586,,1.25%,,,0.12%
123,3.522945818232339e-11,2.815605570839674e-10,2.25511064214231e-09,1.810339139799795e-08,1.440297021001615e-07,1.104741039087411e-06,3.28041266498022e-11,2.6323358932288e-10,2.118918489982708e-09,1.710046439578946e-08,1.368602644344553e-07,1.076038602322792e-06,0.2415525238944045,0.320891958326244,0.4030739956615406,0.4919113782336672,0.5915794347406224,0.712841096090122,1.488411491170431,1.411555671633014,1.331380379742463,1.243851377338632,1.144575865189788,1.013715930886141,,1.33%,,,0.21%
122,3.48943274532051e-11,2.790400550470178e-10,2.234543936506751e-09,1.79334766341623e-08,1.426238002476259e-07,1.094093635261154e-06,3.250399418797673e-11,2.608561882406114e-10,2.09952188777165e-09,1.693948191101233e-08,1.35516597963871e-07,1.065424813568243e-06,0.2411962254948698,0.3205459369684019,0.4027013723246287,0.4914868432064128,0.5910728538237089,0.7121424220224487,1.488738698757539,1.411888981177819,1.331746157379735,1.24427126772147,1.145090473695316,1.01452701066844,,1.18%,,,0.05%
121,3.460819687247414e-11,2.766176155460273e-10,2.215069445971579e-09,1.777398009933666e-08,1.413283164898743e-07,1.084547622228739e-06,3.222428678216249e-11,2.586008141133329e-10,2.081189505982856e-09,1.678865222704827e-08,1.34278637326687e-07,1.05596906329187e-06,0.2408802760922541,0.3202091459388246,0.4023454784118988,0.4910848768497867,0.5906020107549785,0.7115116093841627,1.489061523245466,1.412219172370216,1.332094855823975,1.244668094151657,1.145568596001997,1.015252462779874,,1.18%,,,-0.01%
120,3.428128598130308e-11,2.740808609369002e-10,2.194500769840123e-09,1.760417356393421e-08,1.399219966124229e-07,1.073900522105709e-06,3.192271203825348e-11,2.562230686857351e-10,2.061814980765373e-09,1.66277678071831e-08,1.329349947285254e-07,1.045479547166688e-06,0.2405207251976833,0.3198558332844151,0.4019662987157811,0.4906531755629508,0.5900864048707299,0.7108033016774744,1.489397060291775,1.412559162446037,1.332466591787278,1.245095085248616,1.146091956983325,1.016065767484425,,1.05%,,,-0.17%
119,3.406612897178387e-11,2.722179414916284e-10,2.179885685317343e-09,1.749362482707995e-08,1.391589400809746e-07,1.06875263131145e-06,3.171892996488239e-11,2.544838922438518e-10,2.04805026076708e-09,1.652306866450237e-08,1.322063818554791e-07,1.040346135695342e-06,0.2402820614369063,0.3195892790270167,0.4016947847477044,0.4903700130537862,0.5898046585630196,0.7104590336047515,1.489638746868827,1.412820384422914,1.332732733762184,1.245375050419885,1.146377714658951,1.016464337918137,,1.25%,,,0.18%
118,3.374440598123627e-11,2.6968337036943e-10,2.159323569477272e-09,1.732370490436948e-08,1.377521135160563e-07,1.058105230759536e-06,3.14187513050312e-11,2.521067143438359e-10,2.02867906925024e-09,1.636249581324252e-08,1.308630124838143e-07,1.02983422598689e-06,0.239922762680467,0.3192277047241999,0.4013098026032063,0.4899314718053417,0.5892814915822353,0.7097429275382735,1.489987209252622,1.413171950886686,1.333110197228756,1.24580767888664,1.146908243959148,1.017286457878797,,1.14%,,,0.02%
117,3.34450209067436e-11,2.672777219460888e-10,2.139854295647491e-09,1.716419443160671e-08,1.364571776672035e-07,1.048555736640027e-06,3.113910080933462e-11,2.498500608915291e-10,2.010331024064338e-09,1.621141057835369e-08,1.296253130525863e-07,1.020325833063816e-06,0.2395867857178169,0.3188830731862755,0.4009420099379246,0.4895160928664439,0.5887956015468725,0.7090962055990567,1.490312343854512,1.413507090015319,1.333470924857039,1.246218405337606,1.147401321040619,1.018032583306128,,1.09%,,,-0.05%
116,3.312591594766362e-11,2.647517421593866e-10,2.11927928731437e-09,1.699437525952874e-08,1.350511575362716e-07,1.037906571903169e-06,3.083751242775981e-11,2.475000434955325e-10,1.99096005807416e-09,1.605060752019564e-08,1.282816287185695e-07,1.009772526399965e-06,0.2392228700254305,0.3185153555104189,0.4005498054409836,0.4890698531766594,0.5882632341585551,0.7083698076594919,1.490658425885464,1.413861711636634,1.333855206236236,1.24665952238615,1.14794135942236,1.018869877555012,,0.99%,,,-0.22%
115,3.285390515791527e-11,2.625252252767705e-10,2.101487035969676e-09,1.685139397516806e-08,1.339351395288508e-07,1.030004471492784e-06,3.058808127144048e-11,2.454013212157873e-10,1.974194251297477e-09,1.591531402541209e-08,1.272167257045502e-07,1.001973163360962e-06,0.2389109180684933,0.3181894561639991,0.4002076743103981,0.4886908665570867,0.5878370510452462,0.7078272305967088,1.490965448420634,1.414180145449755,1.334190712841313,1.247033891959051,1.148372922730555,1.019491134107326,,1.02%,,,-0.12%
114,3.253567943176788e-11,2.600268962587037e-10,2.080918216643722e-09,1.668157291455817e-08,1.32528859054966e-07,1.019354637144081e-06,3.028791297907765e-11,2.428796708350048e-10,1.954822301996478e-09,1.575457705303193e-08,1.258751073939669e-07,9.914026298246004e-07,0.2385427412926954,0.3178205135201619,0.3998086528155468,0.4882367821936938,0.5872953724821418,0.7070911023206288,1.49131930655518,1.414539401428416,1.334581792577982,1.247482575156297,1.148921208143982,1.020338288273355,,0.91%,,,-0.30%
113,3.223288799266999e-11,2.575815900481022e-10,2.061451577495245e-09,1.652204853799767e-08,1.312332961243623e-07,1.009803547236196e-06,3.000830547964263e-11,2.407674966022335e-10,1.936465112242797e-09,1.560390088350568e-08,1.246364975305173e-07,9.819234463993542e-07,0.2381903916618648,0.3174575230414957,0.3994274931102897,0.4878062450495084,0.5867916645559801,0.7064260685705274,1.491662566061216,1.414891474003912,1.334955832970228,1.247907100597152,1.149432016657759,1.021101252293074,,0.85%,,,-0.37%
112,3.191429373118424e-11,2.550595615343488e-10,2.040872197547682e-09,1.6352223170854e-08,1.298264435333397e-07,9.991521305084386e-07,2.970829553854074e-11,2.383911385270533e-10,1.917107934681434e-09,1.544311521492687e-08,1.232951750968192e-07,9.714342956287652e-07,0.2378135149123325,0.3170764804080006,0.3990207513067019,0.4873435806759848,0.5862395044593933,0.7056788392561959,1.492003816997081,1.415253846187184,1.335353952472362,1.248364382029183,1.149990290322743,1.021955285611266,,0.74%,,,-0.55%
111,3.177468525723559e-11,2.53881445854438e-10,2.032704523238443e-09,1.630911911727022e-08,1.29775880793987e-07,9.982899129070889e-07,2.958440334025734e-11,2.373044608929251e-10,1.909409794587161e-09,1.540200584324034e-08,1.232461866446449e-07,9.705540336789999e-07,0.2376525827807207,0.3169037760690834,0.3988582231418939,0.4872254296083483,0.5862195577904578,0.7056181976741015,1.492169888315063,1.415428395032798,1.335513353388452,1.24848201749455,1.150010781766345,1.022027057377301,,1.19%,,,0.26%
110,3.145254311660746e-11,2.513606077828116e-10,2.012144554445764e-09,1.613918782353716e-08,1.283696864045098e-07,9.876393519247783e-07,2.9284164658925e-11,2.349264494256948e-10,1.890041214050946e-09,1.524125303898109e-08,1.219042156689859e-07,9.600657937179115e-07,0.237270987434016,0.3165130774912502,0.3984462950290332,0.4867567516877981,0.5856619508062515,0.704864508975553,1.492542116244497,1.415800131411495,1.335917151846894,1.248944868342069,1.150574949803347,1.022885879667566,,1.07%,,,0.08%
109,3.115701557378008e-11,2.489379059555271e-10,1.992662950452714e-09,1.597965654491976e-08,1.270740996382102e-07,9.780864934588141e-07,2.900451971580213e-11,2.32669588936309e-10,1.871683092136691e-09,1.509032386165951e-08,1.206652389221794e-07,9.505432025826959e-07,0.2369063957735651,0.3161412469504242,0.3980522072660708,0.4863125057366482,0.5851432261185493,0.7041834488625454,1.492904068661195,1.416169625304339,1.336303567602839,1.249383632330361,1.151100741280388,1.023668955576755,,1.03%,,,0.02%
108,3.082879059181784e-11,2.463694449176697e-10,1.972090859295789e-09,1.580981767554738e-08,1.256679506681733e-07,9.674337424013482e-07,2.870459005034766e-11,2.302942749115371e-10,1.852324916003687e-09,1.492957048429177e-08,1.193250108028611e-07,9.400634112991333e-07,0.236514719414004,0.3157474366756493,0.3976320030382562,0.4858349388266532,0.5845747176932565,0.7034180286201753,1.493277120828556,1.416548216528655,1.336714994595382,1.249855518624142,1.151674936166199,1.024541416611769,,0.88%,,,-0.17%
107,3.056381358223095e-11,2.44129086023869e-10,1.954298156173978e-09,1.566681776421219e-08,1.245518285922385e-07,9.595284475674821e-07,2.846065627634114e-11,2.282220070186589e-10,1.835564259019254e-09,1.479423323583633e-08,1.182588738296354e-07,9.322522049213803e-07,0.236189450908896,0.315396253803448,0.3972651439464289,0.4854290753230299,0.5841192979588856,0.7028460471106559,1.493595895531001,1.416891842450815,1.337074563861834,1.250256516821345,1.152135816440783,1.025194273391184,,0.94%,,,-0.06%
106,3.024222353437059e-11,2.416611889857682e-10,1.933726372860226e-09,1.549697968847239e-08,1.231449800941537e-07,9.488750880581486e-07,2.815338564487177e-11,2.258447051534755e-10,1.816194245784517e-09,1.463351216299046e-08,1.16918069119386e-07,9.217137104233641e-07,0.2357791048737291,0.3149974958976406,0.3968369435121712,0.4849424784608565,0.5835398847016616,0.7020693985784101,1.493983884500018,1.417276247216852,1.33749406038049,1.250737232461127,1.152720716333801,1.026081254157203,,0.82%,,,-0.25%
105,2.994417720001528e-11,2.392370973787429e-10,1.914247269233559e-09,1.533744770511709e-08,1.218495558084447e-07,9.393205588236895e-07,2.787388857990267e-11,2.235885284009579e-10,1.797834581633531e-09,1.448244642751528e-08,1.15680814948135e-07,9.122094244992661e-07,0.2354050036477344,0.3146091046835474,0.396427413552341,0.4844808087720908,0.5830009616152622,0.7013673887354109,1.49435483797405,1.417656278351765,1.33789566126366,1.251193618474044,1.153265773347751,1.026884056128123,,0.76%,,,-0.32%
104,2.962420837433875e-11,2.366988519162911e-10,1.893673890247618e-09,1.516759275954776e-08,1.204435339441985e-07,9.286656339435337e-07,2.757373206160035e-11,2.21212332820554e-10,1.778479340711312e-09,1.432179288825872e-08,1.143382242935268e-07,9.016695303831779e-07,0.2349977191840293,0.3142010647652761,0.3959904845181344,0.483984262961877,0.5824100385406352,0.7005781029618979,1.494742151306886,1.418049208271332,1.338323327675137,1.251683910273427,1.153863150715175,1.027787265594845,,0.64%,,,-0.52%
103,2.939875734942053e-11,2.348329455639128e-10,1.879061519377213e-09,1.505691259654419e-08,1.196800510752828e-07,9.235143953507785e-07,2.736825626255395e-11,2.194730303884691e-10,1.764718526489493e-09,1.421707783366972e-08,1.136114005028489e-07,8.965984106371644e-07,0.2347159170864977,0.3138930183576786,0.3956773595944847,0.4836578771658072,0.5820865009199686,0.7001943252163281,1.494998889686479,1.418350720123904,1.338630109778032,1.252006278707815,1.154189163968782,1.028222111085607,,0.83%,,,-0.12%
102,2.907996928389464e-11,2.323304767200853e-10,1.85849418895644e-09,1.488704952408128e-08,1.1827305456446e-07,9.128594096114884e-07,2.706955655829377e-11,2.17095538217239e-10,1.745343150267049e-09,1.405635533134862e-08,1.12270039193453e-07,8.860628639120603e-07,0.2342962381864541,0.3134789204310809,0.3952326188636243,0.4831525400348534,0.5814852621651712,0.6993946103192009,1.495414360151138,1.418743019907397,1.339065981561408,1.25250543948197,1.154795748196433,1.029133579848669,,0.71%,,,-0.31%
101,2.878094417071264e-11,2.298962495976461e-10,1.83900717252395e-09,1.472751835922957e-08,1.169777384200271e-07,9.033033983594576e-07,2.678864173101162e-11,2.148391731154826e-10,1.726997592694928e-09,1.390536040369038e-08,1.110334150706338e-07,8.766695293876476e-07,0.233907090952566,0.3130751546673744,0.3948068299776031,0.482672964833601,0.5809259027260835,0.6986716060856965,1.495803359014075,1.41914565729612,1.339482993183136,1.252979305417349,1.155360735680701,1.029948973674439,,0.65%,,,-0.39%
100,2.846257519368852e-11,2.273743230444271e-10,1.818436528824062e-09,1.45576431322859e-08,1.155713672210036e-07,8.926464313643756e-07,2.648849308094724e-11,2.124632205738072e-10,1.707631031044012e-09,1.374459822594282e-08,1.096915282435876e-07,8.660997640647873e-07,0.2334850441393402,0.3126484747199216,0.3943526081745078,0.4821568784907749,0.5803120961604705,0.6978583903708726,1.496186699187384,1.41955327774712,1.339927858068021,1.25348917490235,1.155980219993592,1.030879385556773,,0.52%,,,-0.59%
99,2.818931941466293e-11,2.25120753993852e-10,1.800633135116219e-09,1.441463364539263e-08,1.144551091254381e-07,8.847384709022091e-07,2.623747645651648e-11,2.103912560766065e-10,1.690872956066435e-09,1.360948913127243e-08,1.086281578278823e-07,8.584065679032091e-07,0.2331271162881374,0.3122713316390667,0.3939554640383043,0.4817179892033174,0.5798199946509716,0.6972503659959368,1.496562576686283,1.419927392201257,1.340316735270525,1.253922042101389,1.156475964125205,1.031559681525559,,0.55%,,,-0.48%
98,2.787195532515164e-11,2.226398421165289e-10,1.780062509573502e-09,1.424494498079417e-08,1.130488670168307e-07,8.740811032095446e-07,2.593728503101368e-11,2.080140900791127e-10,1.671504452601402e-09,1.344856976168541e-08,1.072855309420209e-07,8.478317730070275e-07,0.23269227477146,0.3118383399199071,0.3934918376348605,0.4811918643129619,0.5791937240984932,0.6964240118027989,1.496970722559677,1.420341313208397,1.34077083104661,1.254442908670099,1.157108146173377,1.032501523895652,,0.43%,,,-0.69%
97,2.756778978756083e-11,2.202000056417293e-10,1.76058424428592e-09,1.408530126391681e-08,1.117526997671942e-07,8.645230677635694e-07,2.565771530173173e-11,2.057582140760465e-10,1.653146250153046e-09,1.329748678365494e-08,1.060515032612607e-07,8.383712972430935e-07,0.2322797877391629,0.3114161166326094,0.3930480328196124,0.4806914596097264,0.5786100863707314,0.695676507944638,1.497376192383399,1.420756059575138,1.341205934760288,1.254937302470931,1.157695481231718,1.033348708141804,,0.34%,,,-0.78%
96,2.724219344652916e-11,2.176764673662173e-10,1.740007412945925e-09,1.39153111211724e-08,1.103462620475179e-07,8.538642564525851e-07,2.535771708249659e-11,2.033819967204051e-10,1.633788295664465e-09,1.313686684237652e-08,1.047099732768997e-07,8.278973139512728e-07,0.2318406873291856,0.3109705547863404,0.3925740119940779,0.4801527086209738,0.5779696955321864,0.6948354383853559,1.49779331784068,1.421179699874216,1.341669795310886,1.255468735618813,1.158340980306752,1.034299392880045,,0.18%,,,-0.99%
95,2.727296346390857e-11,2.178988639732771e-10,1.745243224720329e-09,1.401531741637288e-08,1.116877940482302e-07,8.584243641519873e-07,2.538834299186972e-11,2.036072263575957e-10,1.638719522242979e-09,1.323143650053316e-08,1.059900862916437e-07,8.324156198051013e-07,0.2318791611492001,0.3110160063787551,0.3926951394452357,0.4804704059892753,0.5785806969139111,0.6951967623127201,1.497734619612015,1.421133987284501,1.341551132207885,1.255155103652709,1.157724872495279,1.033889370984361,,1.32%,,,0.58%
94,2.695085963420297e-11,2.153806156903699e-10,1.724677302853453e-09,1.38455521660892e-08,1.102811704727515e-07,8.477672610773546e-07,2.508614894456874e-11,2.012303530318995e-10,1.619354562492932e-09,1.307067443686981e-08,1.046498442304019e-07,8.218590275540244e-07,0.231435238031499,0.3105625408677339,0.3922173216606539,0.4799298225557634,0.5779398756472094,0.6943507745795342,1.49818528611496,1.42157541356532,1.342019113206467,1.255689523551158,1.158370085887638,1.034849881550433,,1.18%,,,0.38%
93,2.665733108219098e-11,2.129539574027957e-10,1.705200874553948e-09,1.368579661098049e-08,1.089853056720121e-07,8.382090035228424e-07,2.480861865718587e-11,1.989745508740611e-10,1.601010565642363e-09,1.291961155928406e-08,1.034135090156142e-07,8.124045376742989e-07,0.2310103082533003,0.3101286512159212,0.391759709799398,0.4794153719658185,0.577342807842145,0.6935854673877694,1.498603226420715,1.422005251429194,1.342467412771179,1.256197368370721,1.158971890931242,1.035714972202081,,1.15%,,,0.30%
92,2.633635115911155e-11,2.104151305777234e-10,1.684615531315992e-09,1.351591681880831e-08,1.075787969675755e-07,8.275483088367404e-07,2.451067622288525e-11,1.96598505578797e-10,1.581643615174523e-09,1.275898768354027e-08,1.020738040515792e-07,8.019838988932522e-07,0.2305520670530786,0.309669005821784,0.3912705155780516,0.4788620662035379,0.5766873032021154,0.692724018554838,1.499036451445321,1.422441908064034,1.342946106353118,1.256743523116495,1.159631356856033,1.036681946175072,,1.01%,,,0.09%
91,2.606332639055521e-11,2.081578053239601e-10,1.666819277927452e-09,1.337288043445735e-08,1.064626854615057e-07,8.196385605262464e-07,2.425749302922656e-11,1.945267158432847e-10,1.564885957792555e-09,1.262365155108807e-08,1.010090164547791e-07,7.94182897364247e-07,0.23016728485913,0.3092601431991086,0.390842919270268,0.4783910787382401,0.5761614855179277,0.6920795351618209,1.499424053645631,1.422848922836418,1.34336487927264,1.257208741369596,1.160161071417313,1.037409699478746,,1.05%,,,0.21%
90,2.574407498452218e-11,2.056610711463085e-10,1.646237285950343e-09,1.320298788331068e-08,1.050561064189178e-07,8.089777294000145e-07,2.395729377953364e-11,1.921498766858303e-10,1.545516801788396e-09,1.246289137026043e-08,9.966962536045308e-08,7.836697461425963e-07,0.2296910293274659,0.3087862946547205,0.3903428467955701,0.4778254444787325,0.575491526953127,0.6912028357790512,1.499878087664642,1.423307249917938,1.343854323987659,1.257767494561892,1.160834580883084,1.038398534397124,,0.91%,,,0.00%
89,2.544385872364155e-11,2.032539360945423e-10,1.62676210497795e-09,1.304341892380987e-08,1.037600277207405e-07,7.994169077478639e-07,2.367763703007522e-11,1.898944606856181e-10,1.527164049589467e-09,1.231184352745951e-08,9.843417266704569e-08,7.742259957865322e-07,0.2292499264994093,0.3083359934917168,0.3898640646537222,0.4772878913124752,0.5748668247409985,0.6904092194629786,1.500303773288361,1.42374469932238,1.344323562925983,1.25829870775644,1.161463092649742,1.039291646285989,,0.84%,,,-0.09%
88,2.512256671500617e-11,2.007421463286418e-10,1.60617471746906e-09,1.287352321532692e-08,1.023533041483328e-07,7.88753197675122e-07,2.337780056325894e-11,1.875175566669336e-10,1.507811086093955e-09,1.215120212101198e-08,9.709482974860072e-08,7.637404255925825e-07,0.2287681648699331,0.3078555399861005,0.3893518710211613,0.4767086847373354,0.5741805786864026,0.689515479090278,1.500770508893438,1.424199995494082,1.344824292158613,1.258870435191868,1.162152541128175,1.040298319348161,,0.69%,,,-0.31%
87,2.489967357164739e-11,1.988529191590188e-10,1.591559730976234e-09,1.276280578456433e-08,1.015899299309954e-07,7.83599441158955e-07,2.317229428826849e-11,1.857818173988328e-10,1.494050095075394e-09,1.204663114712235e-08,9.636725703097587e-08,7.587053379709659e-07,0.2284374852755223,0.3074940505971525,0.3889843938223481,0.4763273327749615,0.5738045216402128,0.6890805518966939,1.501092271378044,1.424538499073394,1.345184115788366,1.259246442654897,1.162530675071017,1.040782895317664,,0.92%,,,0.16%
86,2.458117987450797e-11,1.9635005721786e-10,1.570978268377242e-09,1.259291135986505e-08,1.001834736189787e-07,7.729318652288346e-07,2.28720432230602e-11,1.834013003544918e-10,1.474681869647834e-09,1.188571541551981e-08,9.502750863188724e-08,7.481808423965351e-07,0.2279458413802905,0.3070052928646753,0.3884613190701707,0.475736037749863,0.5731047717428025,0.6881723212057935,1.501554811712724,1.425031587249472,1.345696002301474,1.259831095972158,1.163233761297034,1.041806079723853,,0.78%,,,-0.07%
85,2.428057652210668e-11,1.939093593482035e-10,1.551501263989774e-09,1.243338538971045e-08,9.888669201776821e-08,7.63375952511464e-07,2.259252769481214e-11,1.811455810446788e-10,1.456346789023194e-09,1.173506602336891e-08,9.379186831205659e-08,7.387365123651452e-07,0.227482448325269,0.3065272748556125,0.3879601679679802,0.4751739334521537,0.5724514882527822,0.6873499490664154,1.502012928879381,1.425499682698293,1.346186584931952,1.260385243412942,1.163890195414295,1.042729098973987,,0.71%,,,-0.16%
84,2.395885129280855e-11,1.913840994926809e-10,1.530916139399569e-09,1.226355994056838e-08,9.748052384566872e-08,7.527078871535002e-07,2.229248451330651e-11,1.787695213231697e-10,1.436980375771192e-09,1.157400437845068e-08,9.24523628271918e-08,7.282794058076067e-07,0.22697609626534,0.3060209566141854,0.3874238394349158,0.4745680060561084,0.5717340770337941,0.6864234819547197,1.502488606216906,1.425973947213824,1.346711265712466,1.260985150154959,1.164610698646675,1.043767245330983,,0.54%,,,-0.39%
83,2.368629124796704e-11,1.891380781403064e-10,1.513107276078374e-09,1.212035671793152e-08,9.636375032724404e-08,7.447994352841023e-07,2.204142450778557e-11,1.767025416720762e-10,1.420223909717234e-09,1.143871020865883e-08,9.138953882179668e-08,7.205227384912662e-07,0.2265558604673838,0.3055707540398994,0.3869541794157492,0.4740508766647774,0.5711574521189163,0.6857294629536578,1.502915225594425,1.426425751993517,1.347170763606156,1.261495187772863,1.16518912937848,1.044541947252389,,0.58%,,,-0.27%
82,2.336120902638567e-11,1.866152380064159e-10,1.492531258809405e-09,1.195043785563565e-08,9.49574526826228e-08,7.34124421208556e-07,2.174123677615484e-11,1.743207318169929e-10,1.400856742671461e-09,1.127797153250024e-08,9.005102401920414e-08,7.100130530058621e-07,0.2260334989050504,0.3050554252388882,0.3864048303705295,0.4734297358132668,0.5704224670514885,0.6847842370420621,1.503404481724192,1.42691778285039,1.347708405871195,1.262108584169417,1.165926329723379,1.04560101919246,,0.40%,,,-0.51%
81,2.306860459549538e-11,1.842096082291069e-10,1.473041287191769e-09,1.179082064246025e-08,9.366097464002517e-08,7.245696944528666e-07,2.146114859968306e-11,1.720644202253391e-10,1.382520551324955e-09,1.112689230694363e-08,8.881687815362156e-08,7.00580585180374e-07,0.2255487023716128,0.3045563571226114,0.385877669008158,0.472838608474335,0.5697358870681261,0.6839279838503702,1.503883566725125,1.427411810989469,1.348224070573279,1.262692672544823,1.166614898255609,1.046557323702888,,0.35%,,,-0.61%
80,2.274562356634554e-11,1.816664643591455e-10,1.452459871455281e-09,1.162088177401263e-08,9.225453007771074e-08,7.13896081450363e-07,2.116171578600524e-11,1.69689099200405e-10,1.363151387198366e-09,1.096634287259686e-08,8.747731772096233e-08,6.901356847630391e-07,0.2250159592478986,0.3040242491802378,0.3853135992267693,0.4722008907409082,0.5689810366937894,0.6829625482026354,1.504387344048158,1.427917382189386,1.348775995036405,1.263321618503554,1.167372169934183,1.047635159953328,,0.17%,,,-0.87%
79,2.26125380191032e-11,1.804787531903969e-10,1.444281941650256e-09,1.157767095261611e-08,9.220336655832903e-08,7.13039325053897e-07,2.103774653383514e-11,1.686015403004881e-10,1.355469273620706e-09,1.092540845819303e-08,8.742971758754542e-08,6.892724525503744e-07,0.2247920578285879,0.3037776993764293,0.3850873158154601,0.4720373321017413,0.568953376129972,0.6828852679927235,1.504611961814566,1.428146090908688,1.348996993460984,1.263483364892255,1.167399272027046,1.047724631135193,,0.82%,,,0.25%
78,2.228865677228718e-11,1.779648615157452e-10,1.423706008147512e-09,1.140774153565223e-08,9.079661297980908e-08,7.023681818912804e-07,2.074487461100837e-11,1.662953488734902e-10,1.336097027829165e-09,1.076459771078728e-08,8.608963048480621e-08,6.788128181758239e-07,0.2242503309462824,0.3032347983624331,0.3845124405208062,0.4713884842319313,0.5681872102685919,0.6819061902675132,1.505123611622182,1.428682093041237,1.3495597005789,1.264124361463973,1.168167827730257,1.048812668725712,,0.64%,,,0.01%
77,2.199070630904731e-11,1.755577517800481e-10,1.404221439377351e-09,1.12482119076862e-08,8.949990623389451e-08,6.928095193252153e-07,2.045796944712009e-11,1.639703452580025e-10,1.317758486758673e-09,1.06137582139278e-08,8.485664592700338e-08,6.694000444163625e-07,0.2237425323490125,0.3027100493990398,0.3839605846443159,0.4707709825038248,0.5674711614600697,0.6810191028874063,1.505627518961888,1.429201480118523,1.350099678365713,1.264733865386781,1.168884617469655,1.049798380346439,,0.57%,,,-0.09%
76,2.167275734932524e-11,1.730445735895656e-10,1.383633372373464e-09,1.107832394517314e-08,8.809355816367621e-08,6.821394989327997e-07,2.015831040083016e-11,1.615934464066693e-10,1.298395770282957e-09,1.045294761061545e-08,8.351815923089494e-08,6.589580042693083e-07,0.2231892255441656,0.3021535070836037,0.3833693496706607,0.4701042210694933,0.5666836001890565,0.6800186909478562,1.506153419958148,1.429737363928508,1.35067773683101,1.265392714830028,1.169673537089891,1.050912044916863,,0.40%,,,-0.35%
75,2.139695664724712e-11,1.708020390003038e-10,1.36582880807413e-09,1.093509723419149e-08,8.697687449824433e-08,6.742273955555152e-07,1.990461449470622e-11,1.595215168657459e-10,1.281644344432409e-09,1.031761842960983e-08,8.245476432307819e-08,6.512165990513072e-07,0.2227128626532175,0.3016594625643159,0.3828511304802953,0.4695345478779128,0.56604989253295,0.6792685154996327,1.506628908592923,1.430226635766703,1.351184586576325,1.265954608546082,1.170308555555077,1.051743021510466,,0.43%,,,-0.21%
74,2.107865083659586e-11,1.682755758110773e-10,1.345242399476099e-09,1.076515509056668e-08,8.557024851888169e-08,6.63557185577997e-07,1.960670386731724e-11,1.571089160530154e-10,1.262282076906386e-09,1.015687957215903e-08,8.111725758257093e-08,6.407206040754128e-07,0.2221399265724442,0.301081409868025,0.3822437132174319,0.4688493971005662,0.5652408011477107,0.6782458622620763,1.507161708270094,1.430772510392135,1.351778458324657,1.2666310990869,1.171117933959127,1.05288103333496,,0.25%,,,-0.48%
73,2.077708834335666e-11,1.658484429356481e-10,1.325742896538087e-09,1.060543369956621e-08,8.427347137570024e-08,6.539866631845968e-07,1.932761267037144e-11,1.548907924551419e-10,1.243943206329607e-09,1.000597186757306e-08,7.9883989345069e-08,6.313557135624322e-07,0.2215988187790651,0.3005271484119418,0.3816599934112981,0.4681960692987061,0.5644838702164512,0.6773175388423596,1.507695437553501,1.431316046206758,1.352349103586799,1.267275460203998,1.171875079659708,1.05390815328749,,0.16%,,,-0.60%
72,2.045557418276142e-11,1.633129828375555e-10,1.305165120381091e-09,1.043561137737475e-08,8.286690004310165e-08,6.433207681313224e-07,1.902715480786344e-11,1.525134939952279e-10,1.22458167714536e-09,9.84519804141811e-09,7.854571323285883e-08,6.209022569851753e-07,0.2210073436557311,0.2999334552814329,0.381034892633892,0.4674911424991489,0.5636505114008143,0.6762696936117465,1.508270605108574,1.431894158564088,1.352960451105205,1.267972105105512,1.172708846084032,1.055067759440967,,-0.04%,,,-0.88%
71,2.023384731754963e-11,1.614852044803074e-10,1.290543711768116e-09,1.032482394467977e-08,8.210287193915658e-08,6.38156644572278e-07,1.882169218956561e-11,1.508180774464873e-10,1.210824438392903e-09,9.740440372037195e-09,7.781952615273947e-08,6.158550543491314e-07,0.220598414836179,0.2995024356336073,0.3805848925824548,0.4670253983411182,0.563192314210923,0.6757592319124733,1.508665829838368,1.432308587089716,1.353400538486787,1.268431821208115,1.173166711406689,1.055631181556292,,0.25%,,,-0.30%
70,1.991410628393363e-11,1.589142052553397e-10,1.269961672277325e-09,1.015485355758656e-08,8.069603941472927e-08,6.274924767959193e-07,1.85289912315028e-11,1.483283572859096e-10,1.191461877839695e-09,9.579744580182602e-09,7.648174418360849e-08,6.05398724193577e-07,0.2199955369012599,0.2988915179609278,0.379942986757465,0.4663015845783448,0.5623381447518483,0.6746900256921948,1.509236309878891,1.432911671922472,1.354028187682614,1.269146153947394,1.174020498563051,1.056813512942772,,0.05%,,,-0.59%
69,1.961277711431893e-11,1.565001431345727e-10,1.250463830086564e-09,9.995196211879606e-09,7.939924890102569e-08,6.179386495856447e-07,1.823976565689188e-11,1.461420175762372e-10,1.173125001849587e-09,9.42880001101011e-09,7.524747372870745e-08,5.960999400901227e-07,0.2194226539187782,0.298303435674289,0.3793255119408994,0.465611176720406,0.5615384243126609,0.6737203374079189,1.50980417195594,1.433472281087318,1.354631737625244,1.269827505082602,1.174820411243516,1.05787683283647,,-0.05%,,,-0.71%
68,1.928952168812983e-11,1.539643937810935e-10,1.229879719827306e-09,9.825279339500285e-09,7.799258697276335e-08,6.072513149521402e-07,1.795026904262737e-11,1.437661690692213e-10,1.153763771829491e-09,9.268038178096437e-09,7.391121374484489e-08,5.855820039479538e-07,0.2187954561074902,0.2976799533945648,0.3786697375588896,0.4648648505589371,0.5606570804933965,0.6726224283198152,1.510391134165293,1.434067926299664,1.355278975898671,1.270564574476356,1.175700060253666,1.059093777255901,,-0.28%,,,-1.02%
67,1.901690328860663e-11,1.517496881396982e-10,1.212170976715708e-09,9.682176324196226e-09,7.687577566957733e-08,5.99338332007833e-07,1.768632667465756e-11,1.416943870719627e-10,1.137014413670123e-09,9.132775454957874e-09,7.284937172914466e-08,5.778382677324702e-07,0.2182551762789592,0.2971243494063946,0.3780877659751831,0.4642267662340867,0.5599467365167942,0.6717985812830344,1.510930004086822,1.43462283266969,1.355847422911573,1.271194134004203,1.176409499335411,1.060000412247631,,-0.24%,,,-0.87%
66,1.8701516960882e-11,1.492123425058372e-10,1.191288919822706e-09,9.512189362691177e-09,7.546889044765008e-08,5.886611577105851e-07,1.739069701609432e-11,1.393598352109465e-10,1.117651107729124e-09,8.971926964514386e-09,7.151133279451834e-08,5.673864586432692e-07,0.2176242660431424,0.296473088047976,0.3774003237341077,0.4634571109157666,0.5590380811615624,0.6706742945757157,1.511543467525796,1.43523865866138,1.356514756380449,1.271954326455991,1.177317078295494,1.061238185927814,,-0.43%,,,-1.19%
65,1.839981791050138e-11,1.467994101702339e-10,1.171982680136606e-09,9.352523697926319e-09,7.417200741688133e-08,5.791034065533191e-07,1.711126989870423e-11,1.370631580967917e-10,1.099313187355459e-09,8.821073804983333e-09,7.027877689994533e-08,5.580332274200442e-07,0.2170105609485623,0.2958487057647512,0.3767417341523109,0.462722241057879,0.5581863796605164,0.6696525719436818,1.51213285883019,1.435854395002902,1.357157135311781,1.272679052247584,1.178166984039079,1.062360868516952,,-0.56%,,,-1.32%
64,1.80777012517112e-11,1.442590927715788e-10,1.151392054652755e-09,9.182475900142047e-09,7.276510834669729e-08,5.684177312985114e-07,1.681110094711438e-11,1.346867158959213e-10,1.079954689359109e-09,8.660288394236035e-09,6.894120693572493e-08,5.475897194659865e-07,0.2163443579403239,0.295180300210625,0.3760360026073806,0.4619264137404129,0.5572465827270036,0.6684948940065563,1.512776596051098,1.436502316693893,1.357846604586145,1.273464480377897,1.179104908193901,1.063629467468228,,-0.80%,,,-1.66%
63,1.8434795612226e-11,1.474052591877152e-10,1.185019710679342e-09,9.585065550009067e-09,7.663076370366727e-08,5.76831337058521e-07,1.714475909540479e-11,1.376134738811773e-10,1.111475922789782e-09,9.04095106904557e-09,7.261613868553957e-08,5.558433108506027e-07,0.2170845796662039,0.2960092363758715,0.3771858031364359,0.4637886555773619,0.5597896124274158,0.6694079780467181,1.512060903954104,1.435705756401872,1.356729928466391,1.271626547156897,1.176566594473627,1.062625509426911,,2.68%,,,1.36%
62,1.811401264587322e-11,1.448423509285647e-10,1.164208026334829e-09,9.415013235086879e-09,7.522390651624947e-08,5.661568914724363e-07,1.684460471551043e-11,1.352191867426389e-10,1.092119883524749e-09,8.880094006432824e-09,7.127877353035757e-08,5.453777113442272e-07,0.2164201071559904,0.2953347897303961,0.376480726832191,0.4630112562591256,0.5588782434338173,0.6682486390202304,1.512681830893793,1.436334121439799,1.3574119501969,1.272394126520133,1.177476405887242,1.063901165947782,,2.50%,,,1.07%
61,1.781322618551234e-11,1.424140479282275e-10,1.144792462874386e-09,9.255335014161638e-09,7.392698697058234e-08,5.56586564937752e-07,1.656773290738388e-11,1.3296824679623e-10,1.073783686997568e-09,8.729265228173684e-09,7.004617247504302e-08,5.360705947439376e-07,0.2157922867167801,0.2946916579812442,0.3758115397476969,0.4622690896964699,0.5580239099104004,0.6671924367012871,1.513307177205599,1.436971753491375,1.358068903686408,1.27312586144057,1.178328907038021,1.065051961192502,,2.43%,,,0.97%
60,1.74932047655637e-11,1.398777149272574e-10,1.124100987662157e-09,9.085362689534861e-09,7.251999392906903e-08,5.459119055228937e-07,1.626541758117361e-11,1.305881232632498e-10,1.054423523349495e-09,8.568501170543397e-09,6.870964386976911e-08,5.256263175208673e-07,0.2151045946846207,0.2940045265447251,0.3750865684750233,0.461465640660699,0.5570811172857563,0.6659990056091182,1.513958229689286,1.437631590199353,1.358774424726442,1.273919046812487,1.179268976878914,1.06635959784629,,2.25%,,,0.66%
59,1.721948338826878e-11,1.376632326865285e-10,1.106287408061046e-09,8.942275778673188e-09,7.140312715284346e-08,5.379944453959573e-07,1.601378587828383e-11,1.285552666789244e-10,1.037676855511322e-09,8.433154039416268e-09,6.764779880501124e-08,5.179108898340889e-07,0.2145155174905483,0.2933931983765635,0.3744511069978342,0.4607781683045347,0.5563205062620288,0.6650999569542672,1.514544088048724,1.438227452476929,1.359394886378296,1.274597792011309,1.180027884136628,1.067339666887171,,2.32%,,,0.85%
58,1.690003178677735e-11,1.351226733950753e-10,1.085825526491836e-09,8.772232042373819e-09,6.99962065965797e-08,5.273161672440859e-07,1.571008615038146e-11,1.261401637272861e-10,1.018315611512714e-09,8.272432101002417e-09,6.631080035673304e-08,5.074687413330073e-07,0.2138035846538326,0.2926821780684704,0.3737067353050444,0.4599475048891796,0.5553464054574899,0.6638721580359247,1.5152401997081,1.438912127753124,1.360124408303977,1.275417267558215,1.180999161304155,1.068682024762185,,2.13%,,,0.53%
57,1.659959007253213e-11,1.327073464088993e-10,1.066304248998999e-09,8.612482892873923e-09,6.869916007696788e-08,5.177367680141696e-07,1.543446245682324e-11,1.238876375598545e-10,9.999849206164777e-10,8.121495429928291e-09,6.507859514508962e-08,4.981437871324685e-07,0.2131315299887919,0.2919910990350187,0.3729884043966833,0.4591531198846746,0.5544320520708793,0.662751426205442,1.515877414851872,1.43958898372309,1.360827576488224,1.276200648642627,1.181910382710855,1.069900528484723,,2.05%,,,0.41%
56,1.627823825780444e-11,1.301752112330407e-10,1.045746838059068e-09,8.442561276341189e-09,6.729211541035774e-08,5.070601931026172e-07,1.513409822026273e-11,1.215094813100486e-10,9.806264147966153e-10,7.960788263145882e-09,6.374204158077791e-08,4.876942617966882e-07,0.2123902129893821,0.2912493619443762,0.3722102776888178,0.4582926834107443,0.5534217484794185,0.6614851313448962,1.516573570321599,1.440313170194965,1.361583848516037,1.277049991404406,1.182916890580175,1.071283753128964,,1.84%,,,0.06%
55,1.605744720346217e-11,1.282951034229885e-10,1.031115940258787e-09,8.331795703657825e-09,6.652778968237206e-08,5.019111484763954e-07,1.492867993903118e-11,1.197704491828541e-10,9.668722390419377e-10,7.856074106626241e-09,6.301600061609832e-08,4.826676902464973e-07,0.2118767996856931,0.290698945809208,0.3716577192888483,0.4577229191290084,0.5528646388785561,0.6608656563684312,1.517094977834869,1.440846504603061,1.362130012775215,1.277612162224201,1.183471815748473,1.07195902981882,,2.23%,,,0.81%
54,1.57352340509683e-11,1.25770962949992e-10,1.010523752898394e-09,8.161747594214377e-09,6.512079548681463e-08,4.912280165845375e-07,1.462849678472844e-11,1.17394058005761e-10,9.475161119953382e-10,7.695343154766272e-09,6.16795712470719e-08,4.722587173403722e-07,0.2111108476273114,0.2899333115191512,0.3708507169718008,0.4568340906320516,0.551823277121286,0.6595616993345442,1.517833824780643,1.44158756640862,1.362911507130983,1.278488982219988,1.184508846674572,1.073372348237044,,2.01%,,,0.46%
53,1.54353119931426e-11,1.233601425193141e-10,9.91020058426681e-10,8.002046630096306e-09,6.382365292209265e-08,4.816528589136787e-07,1.434914180569288e-11,1.151401305480152e-10,9.291837938926209e-10,7.5443966077134e-09,6.044751293298606e-08,4.62942634911631e-07,0.210391706641207,0.2892005185664685,0.370085209363562,0.4559832175812252,0.5508444242726779,0.6583749790879722,1.518528181416215,1.442297448341468,1.363666056464397,1.279328317101849,1.185483400522903,1.074657349598924,,1.93%,,,0.33%
52,1.511307025568787e-11,1.208190773643552e-10,9.70283410762019e-10,7.832004798582181e-09,6.241649525651543e-08,4.709593184611569e-07,1.404887126250353e-11,1.127629628862241e-10,9.098277346994529e-10,7.383656427644777e-09,5.911127117077861e-08,4.52524475824778e-07,0.2095901139982476,0.2884034006168057,0.369245725711797,0.4550593692870065,0.5497612972316454,0.6570298163188947,1.519278861600227,1.443058937590173,1.364478559359839,1.280239728496142,1.186561294401205,1.076117467345675,,1.69%,,,-0.05%
51,1.483820183053224e-11,1.185899406067316e-10,9.526074770033379e-10,7.688843664616431e-09,6.129934114398242e-08,4.630514766373636e-07,1.379493695311941e-11,1.106912560032342e-10,8.930798557786448e-10,7.248358105551071e-09,5.805029298631648e-08,4.448026647714513e-07,0.2089028764401507,0.2876910429093741,0.368514110803366,0.4542666988149647,0.5488850113528373,0.6560127760069366,1.51996658450465,1.443760448454779,1.365195212240326,1.281021527689317,1.187433282425494,1.077213729797774,,1.76%,,,0.16%
50,1.452148597527058e-11,1.16044871818816e-10,9.320458451691687e-10,7.518777315204562e-09,5.989211126864956e-08,4.523641856673785e-07,1.349773558143017e-11,1.083149038618451e-10,8.737256753177231e-10,7.087635986468412e-09,5.671426324997674e-08,4.344118317489942e-07,0.2080851565833398,0.2868644608266926,0.3676477642087638,0.4533066610833927,0.5477596855789471,0.6546223101948698,1.520757689331785,1.444542795536693,1.366039797359231,1.281968352316314,1.188552510707354,1.07871969925388,,1.55%,,,-0.23%
49,1.422139826050086e-11,1.136256642624447e-10,9.123032949207348e-10,7.35905649082638e-09,5.859480692569405e-08,4.427948016975723e-07,1.321824932444446e-11,1.06060130242018e-10,8.553951008532741e-10,6.936688492129613e-09,5.5482723457772e-08,4.251157977194027e-07,0.2073052320257666,0.2860615276930419,0.3668094269253416,0.4523860796894939,0.5467001327709168,0.6533488340047596,1.521510655835465,1.44533048293921,1.366856608781052,1.282876253071101,1.189606002676195,1.080088478988426,,1.44%,,,-0.39%
48,1.390124800157004e-11,1.111095060895808e-10,8.919097359048289e-10,7.188980749732642e-09,5.718748452284486e-08,4.321135854949902e-07,1.29191825690803e-11,1.036843744156577e-10,8.360401035577273e-10,6.775962290699358e-09,5.414699058160992e-08,4.147259120022314e-07,0.2064404028788305,0.2851979731994136,0.3659066516315542,0.4513847363531075,0.5455256075800192,0.6519028256993438,1.522349334794997,1.446175514140366,1.367737702837863,1.283863729028538,1.190773360874519,1.081645441443964,,1.19%,,,-0.81%
47,1.376742540027482e-11,1.099467078753966e-10,8.836112022020704e-10,7.14572760504462e-09,5.713622706960089e-08,4.312583020080453e-07,1.279423724802497e-11,1.025799533991574e-10,8.283570737826884e-10,6.735089121862835e-09,5.409845858100361e-08,4.139079600698782e-07,0.2060763113440991,0.2848038435970041,0.3655459256071939,0.4511264926910924,0.5454823203583667,0.6517858638570455,1.522694244575259,1.446563297867985,1.36809295353995,1.284118377471864,1.190816275009424,1.081766233493927,,2.26%,,,1.05%
46,1.344879013152875e-11,1.073921774943383e-10,8.63014922728384e-10,6.975648726522107e-09,5.572885112417418e-08,4.205690004853412e-07,1.249629141660173e-11,1.002207243300061e-10,8.089848329204391e-10,6.574373947089841e-09,5.276237033858061e-08,4.035090025714038e-07,0.2051935726625815,0.2839035483408145,0.3646107330061777,0.4500964347606827,0.544279352825326,0.6503097530947606,1.523531148571467,1.447402906542874,1.369003085021967,1.285134040804951,1.19201192452058,1.083360217994876,,2.03%,,,0.65%
45,1.314035214520842e-11,1.049664414360431e-10,8.43409199911229e-10,6.815908495135311e-09,5.443143635159971e-08,4.109917335163293e-07,1.221448767458537e-11,9.796705613272623e-11,7.906728288733841e-10,6.423441129418232e-09,5.153123952214944e-08,3.942090423173501e-07,0.204327429975304,0.2830369293110906,0.3637080213360782,0.4491070424935472,0.54314490554201,0.648954321359676,1.524377969896947,1.448258604903061,1.369883064572425,1.286109490198001,1.193138740605886,1.084811427515678,,1.86%,,,0.50%
44,1.282189919712008e-11,1.024358344488286e-10,8.23049972709202e-10,6.645809090898271e-09,5.302398247083997e-08,4.003078787426769e-07,1.191455646283974e-11,9.559024821102476e-11,7.713209657557284e-10,6.262724383105844e-09,5.019565235075089e-08,3.838257914184781e-07,0.203396077308602,0.2821025907130655,0.3627336157794481,0.4480289794814994,0.5418852372691053,0.6474139124524324,1.525289656358999,1.449155218036348,1.370834779834111,1.287172295353177,1.194389738488862,1.086462633584057,,1.61%,,,0.06%
43,1.2549993736177e-11,1.002355300736776e-10,8.05201981029538e-10,6.502618012888756e-09,5.190659272948738e-08,3.923854764973338e-07,1.166228905944533e-11,9.351870866434222e-11,7.545751769273562e-10,6.127422847884286e-09,4.913515401142884e-08,3.761286945222203e-07,0.2025891783917901,0.2812679569052266,0.3618718626736618,0.4471009399673322,0.5408626672342149,0.6462485771232696,1.526067679788461,1.449982559625559,1.371677231220513,1.288087228499323,1.195405258509956,1.087707800042481,,1.72%,,,0.31%
42,1.222940577164227e-11,9.769732686394823e-11,7.846009893264265e-10,6.332502066056211e-09,5.049902340635918e-08,3.81699062832664e-07,1.136296875150494e-11,9.111759586305817e-11,7.352253885868759e-10,5.96671459426139e-09,4.779986682484591e-08,3.657901026229365e-07,0.2016154206373933,0.2802894209610378,0.3608470387912933,0.4459728192130886,0.5395447726240561,0.6446458134772586,1.526984068913496,1.450917027457618,1.372673599887809,1.289199136015251,1.196713248588961,1.08941726562379,,1.43%,,,-0.15%
41,1.192678950231141e-11,9.525222965225745e-11,7.64853471130096e-10,6.17273313045718e-09,4.920145580974637e-08,3.721200211106881e-07,1.108429512461028e-11,8.888772931758787e-11,7.168968359009833e-10,5.815783622747054e-09,4.6568964775774e-08,3.564924570015235e-07,0.2006787958958549,0.2793350534058242,0.3598551957229463,0.4448867700234198,0.5382990086801061,0.643176911786847,1.527902142219423,1.451842729224032,1.373641162094555,1.290269513331415,1.197949402580982,1.090985626578759,,1.28%,,,-0.34%
40,1.161731652227069e-11,9.27394206991351e-11,7.444857326346993e-10,6.002603589812478e-09,4.779380195805296e-08,3.614352717193962e-07,1.078883343118099e-11,8.651214260380146e-11,6.975456793335885e-10,5.655070543626745e-09,4.523365353845498e-08,3.46142007184129e-07,0.1996818127984442,0.2783039080874383,0.358780165664518,0.4437005073905906,0.5369122292023589,0.6414984598124325,1.528891976446987,1.452852722220954,1.374689153295149,1.291438567025483,1.199325232664684,1.092770912640244,,1.06%,,,-0.85%
39,1.138699625005752e-11,9.087890140692042e-11,7.298464699935696e-10,5.891768059494558e-09,4.702926902761746e-08,3.562726841729257e-07,1.05779743168926e-11,8.477327436702571e-11,6.837969898523634e-10,5.550377550971426e-09,4.450848675101947e-08,3.411441302455549e-07,0.1989264729537,0.2775315528886384,0.3579987146654315,0.4429103582768536,0.5361428997388865,0.6406727639254215,1.529600890807071,1.453600640423071,1.375451050975309,1.29221716389777,1.200088310201844,1.093647987741903,,1.52%,,,0.19%
38,1.106261282391912e-11,8.833904651384078e-11,7.092673166354117e-10,5.721630500365518e-09,4.562153065549395e-08,3.455856876564543e-07,1.027782343073346e-11,8.239709850309863e-11,6.644069083549893e-10,5.389681117462845e-09,4.3173241769923e-08,3.308323758430987e-07,0.1978429542588017,0.276451684854685,0.3568740961101763,0.4416694923915079,0.5346951290774095,0.6389340297221431,1.530653040423738,1.454625749950388,1.376551283427057,1.293439744364646,1.201524126380662,1.095490221349733,,1.17%,,,-0.33%
37,1.076346696708877e-11,8.592531467951117e-11,6.89738375577517e-10,5.561832136966845e-09,4.43237643860361e-08,3.360049154848614e-07,9.99842375357987e-12,8.014284425622075e-11,6.461212207667574e-10,5.238758867315128e-09,4.194264297271387e-08,3.215154970436442e-07,0.1968040517193548,0.2753961913861164,0.3557766737970969,0.4404716290891817,0.5333228416457767,0.6373290899212649,1.531643119770042,1.455654308025462,1.377617847784837,1.294619826103405,1.202884502420266,1.097194684162577,,1.03%,,,-0.54%
36,1.045278606477357e-11,8.338147005812543e-11,6.691202062169207e-10,5.391670639693376e-09,4.291590877299461e-08,3.253177056453989e-07,9.705837848983913e-12,7.776693849565806e-11,6.267730847153186e-10,5.078055665320306e-09,4.06076096780117e-08,3.111972809114129e-07,0.1957103592864835,0.2742516750915285,0.3545846817474388,0.4391595110568795,0.531790839417994,0.6354958053247287,1.532729586675622,1.456776326315525,1.378778847139384,1.295912342991062,1.204403032407313,1.099130807528544,,0.77%,,,-1.11%
35,1.017052692415309e-11,8.116449833673204e-11,6.513039351804418e-10,5.248422060578684e-09,4.179821071035553e-08,3.173901939180546e-07,9.447034285251671e-12,7.569065129628177e-11,6.100319633792294e-10,4.942789541883411e-09,3.954785803784212e-08,3.035216911257318e-07,0.1946724609814886,0.2732272490833075,0.3535263117143732,0.4380239743755772,0.5305406161282541,0.6341021674898618,1.533708528690826,1.457771952410578,1.379811913282001,1.297030688278176,1.205641944923285,1.100602957517427,,0.77%,,,-0.84%
34,9.850096448637449e-12,7.862161588254774e-11,6.306814429599085e-10,5.078247315485014e-09,4.039022004335129e-08,3.067017300121461e-07,9.147130019096063e-12,7.33194372896492e-11,5.906849515008057e-10,4.782093793338029e-09,3.821295412154244e-08,2.932062195727703e-07,0.1934632140652148,0.2720140047721502,0.3522634091960353,0.4366359733183479,0.5289202347660111,0.6321748623677429,1.534879386976286,1.458942623240906,1.381040736223518,1.298397629051685,1.20724735771126,1.102633268499983,,0.39%,,,-1.45%
33,9.54931647545415e-12,7.620871265250118e-11,6.11160931527553e-10,4.918413788876072e-09,3.909225131270016e-08,2.971180800324261e-07,8.867563823168726e-12,7.106509316706877e-11,5.723603856143514e-10,4.631182230722133e-09,3.698248859937155e-08,2.839545387371791e-07,0.1922962594618681,0.2708278152953809,0.3510310638863453,0.4352913375650009,0.5273787900182036,0.6303967443557412,1.536012042777398,1.460090887950712,1.382241314894413,1.299721610896765,1.20877421141295,1.104503032714509,,0.19%,,,-1.73%
32,9.227126055114752e-12,7.36682489760911e-11,5.905744047692438e-10,4.748219098941333e-09,3.768413369484019e-08,2.864284528762958e-07,8.567271190810649e-12,6.868924950093793e-11,5.530146116016679e-10,4.470507533664736e-09,3.564757957141946e-08,2.7363681544534e-07,0.1910054441971785,0.2695385171231425,0.3496897865060193,0.4338129354647993,0.5256512113640812,0.6283537584000602,1.537257075121862,1.461340704629268,1.383550138797475,1.30117702504326,1.210485265394722,1.106647982378532,,-0.26%,,,-2.43%
31,9.260934161273473e-12,7.389981049789732e-11,5.956756706235035e-10,4.848335558953999e-09,3.902712365133136e-08,2.910054618439328e-07,8.598527289122151e-12,6.891476827903596e-11,5.579395997111824e-10,4.565013563838044e-09,3.692087681068253e-08,2.780681477924717e-07,0.1911412044819399,0.2696610405743706,0.3500352227547995,0.434688601729707,0.5273001854052581,0.6292364825456324,1.537128928893732,1.461219389239081,1.383212758254267,1.300315080992196,1.208851904694966,1.1057175959881,,3.13%,,,2.24%
30,8.945545166693401e-12,7.136378653708355e-11,5.751876620817978e-10,4.678134170751975e-09,3.761900265860858e-08,2.803155102927323e-07,8.301772848166597e-12,6.653896441598778e-11,5.38595144781781e-10,4.404338466191728e-09,3.558599270555006e-08,2.677282994336311e-07,0.1898398217204537,0.2683292071667238,0.3486556456074184,0.4331893955451701,0.525569845006321,0.6271554702159119,1.538391988493321,1.462509363194806,1.384555035242819,1.301790878266712,1.210565642317217,1.107906501151297,,2.85%,,,1.68%
29,8.639764691818945e-12,6.895292331888798e-11,5.556837565915198e-10,4.518284113989702e-09,3.632091078026101e-08,2.707270622379177e-07,8.019647729325665e-12,6.428480574667081e-11,5.202723455043573e-10,4.253438351366997e-09,3.435565882422668e-08,2.584885543199015e-07,0.1885287696677193,0.2670236542725675,0.3473076398674911,0.4317331990278637,0.5239199558131977,0.6252291850164756,1.539636303637932,1.463753753013096,1.385870489173904,1.303224201520985,1.212199197118928,1.109919121496616,,2.66%,,,1.48%
28,8.312383646790322e-12,6.640274266554381e-11,5.350688169653458e-10,4.348061695439417e-09,3.491265925474611e-08,2.600394880394977e-07,7.717859768323252e-12,6.190880742076382e-11,5.008200806414624e-10,4.092769530643692e-09,3.302099538914743e-08,2.481982287901072e-07,0.187082181895236,0.265594048235988,0.3458292009694022,0.4301274174063359,0.5220662011295056,0.6230104814119863,1.541039659206977,1.465150659941839,1.387309215842353,1.304804409904323,1.214034299276067,1.112236460912332,,2.20%,,,0.85%
27,8.044410534689445e-12,6.418886962172859e-11,5.172123976337816e-10,4.204757206842883e-09,3.379461241593033e-08,2.521091088437299e-07,7.467144756324351e-12,5.983731601964761e-11,4.840978359234308e-10,3.957519322882657e-09,3.196141617639117e-08,2.405561176400348e-07,0.1858472049600462,0.2643016606498577,0.3445033202764403,0.4287283120681086,0.5205437324563247,0.6213118730792369,1.542220444337988,1.466380943829558,1.388588927985922,1.306181007125658,1.215541253713391,1.114007350515268,,2.42%,,,1.26%
26,7.722651747798434e-12,6.165110920644426e-11,4.966575932885263e-10,4.034516865561046e-09,3.238620253408547e-08,2.414169839350204e-07,7.166899209458439e-12,5.746158921168343e-11,4.648476082279007e-10,3.796863877189483e-09,3.062696156604532e-08,2.302593746624219e-07,0.1843056694959641,0.2627711662053593,0.3429232784527509,0.4270057610118049,0.5185570402047173,0.6189457321163411,1.543720384556923,1.467891270655745,1.390137793095636,1.307875526311326,1.217507092349974,1.116468231866388,,1.99%,,,0.57%
25,7.421767438834174e-12,5.923536182307123e-11,4.77100622969451e-10,3.87461573112123e-09,3.108781993878121e-08,2.318299370618262e-07,6.887435501195397e-12,5.520676822352781e-11,4.465273468385488e-10,3.645980477324644e-09,2.939668693596894e-08,2.210476193018138e-07,0.1828147208962595,0.2612539491626754,0.341357015893123,0.4253233272182511,0.5166522661476056,0.6167441648940467,1.545147362600435,1.46933323382508,1.391666427845718,1.309530260791692,1.219391830005457,1.118753862510701,,1.79%,,,0.29%
24,7.099099606879898e-12,5.668309035883642e-11,4.564069870776862e-10,3.704351287428979e-09,2.967922209213913e-08,2.211368230669014e-07,6.58718919276646e-12,5.28315696612144e-11,4.271851103761371e-10,3.485335067942257e-09,2.806226916683098e-08,2.107575243138274e-07,0.1811404227908925,0.2595828642508444,0.3396316833381747,0.4234572133686198,0.5144993143791179,0.6141914167084093,1.546791665367447,1.470966133420802,1.393337410367105,1.311365274932935,1.22152152160705,1.121399800041139,,1.28%,,,-0.51%
23,6.879269563231578e-12,5.482591183377027e-11,4.418212125000846e-10,3.593425135727412e-09,2.891418078219024e-08,2.159700674821304e-07,6.382241941061284e-12,5.10928079280618e-11,4.134423778936504e-10,3.380685337386873e-09,2.733746225741057e-08,2.057932597676867e-07,0.1799553016001958,0.2583139388003756,0.3383622503154021,0.4221967631425895,0.5132893997426186,0.6129184660686955,1.547915084364474,1.47218719353322,1.394569676778648,1.312604493949242,1.222718394942056,1.122715523084465,,2.20%,,,1.21%
22,6.585806830278592e-12,5.228718823721005e-11,4.211247726719052e-10,3.423134969690941e-09,2.750541882190101e-08,2.052753527968195e-07,6.098143951763522e-12,4.872668268287225e-11,3.941022943308506e-10,3.220050769900465e-09,2.600308972732428e-08,1.955255015753686e-07,0.1783152906336994,0.2565177808354189,0.3364987435612691,0.4201873334445753,0.5109805063075812,0.6101950378298492,1.549581904236132,1.473932408187018,1.396378874333677,1.314579638736614,1.225001785545894,1.125528289454317,,2.10%,,,0.39%
21,6.255289259917884e-12,4.985845642239972e-11,4.015770436094258e-10,3.263190127592517e-09,2.620671971952591e-08,1.956862274286043e-07,5.803721492784952e-12,4.646306324064275e-11,3.757848295846792e-10,3.069195025531528e-09,2.477289389284088e-08,1.863283910261552e-07,0.1763861970730517,0.2547159704265221,0.3346525864199195,0.41821076437074,0.5087512884545782,0.6076432036203459,1.551379838822403,1.475680544702847,1.398180918329337,1.316521995073377,1.22720641360044,1.128154964622984,,1.41%,,,0.05%
20,5.932107929952834e-12,4.732053538844364e-11,3.810152516790058e-10,3.092870652189912e-09,2.479774694539893e-08,1.849899732538563e-07,5.501925610408203e-12,4.408734493461387e-11,3.564456916987349e-10,2.908574830855108e-09,2.34385742545511e-08,1.760658714423279e-07,0.1743896624963198,0.2527293846275964,0.3326050240827171,0.4160011360450226,0.5062120862939838,0.6046610323587697,1.553308431279684,1.477602886403292,1.400173466739189,1.318692823893329,1.229716888283469,1.131220601070346,,0.76%,,,-0.92%
19,5.640354373823915e-12,4.509657466984752e-11,3.631538378057415e-10,2.94948531715365e-09,2.367915516306719e-08,1.770561146498697e-07,5.237852477675667e-12,4.201599947851628e-11,3.397136474933884e-10,2.773372549085938e-09,2.237922580955016e-08,1.684802304944551e-07,0.172488258114685,0.2509084927812105,0.3307435609129054,0.4140484648804671,0.5040976293631297,0.602347193007716,1.555087772457378,1.479355913236964,1.401974880295455,1.320610715336891,1.231807414813013,1.133587210857634,,0.60%,,,-0.42%
18,5.394293246195565e-12,4.255599797631416e-11,3.425379237545867e-10,2.779133333492695e-09,2.226994877338897e-08,1.663584701513298e-07,4.982232402026237e-12,3.964035043915425e-11,3.203755346510429e-10,2.612771034871686e-09,2.104487710110209e-08,1.582181806221424e-07,0.1707986083724478,0.2487071062578437,0.3284760909443785,0.411606445620966,0.5012958292554174,0.5990746216939915,1.556894162101789,1.481493189775017,1.404187172096899,1.323008488329832,1.234576991867851,1.136940240701718,,1.26%,,,-1.54%
17,5.040011938551703e-12,4.01403355878585e-11,3.229965998738658e-10,2.619129613276487e-09,2.097081573284621e-08,1.567666456371099e-07,4.671493102574588e-12,3.738617926075069e-11,3.020604501045297e-10,2.461948763049513e-09,1.981483332285137e-08,1.490391850841149e-07,0.1682595907927299,0.2464933071420325,0.3262010262434961,0.4091780590334745,0.4985609480876186,0.5959742183506417,1.559228142514621,1.483633981884793,1.406398081098114,1.325392144301479,1.237280211808027,1.140103843462605,,-0.12%,,,-2.08%
16,4.725429990476441e-12,3.75943636083051e-11,3.023722140840792e-10,2.448743559993879e-09,1.956133096841437e-08,1.460672372382907e-07,4.37637792584117e-12,3.501056426618801e-11,2.827245489729215e-10,2.301368495848996e-09,1.848046584191959e-08,1.388072914405511e-07,0.165845219634953,0.2440119165842582,0.3236484838713906,0.4064299530352375,0.4954071864344001,0.5923056652258358,1.561570329022188,1.486033433525259,1.408872650517133,1.328088710281396,1.240397074203917,1.143838019572762,,-0.85%,,,-3.47%
15,4.583980529815127e-12,3.642937958205306e-11,2.941148538253441e-10,2.405417907066615e-09,1.951002088783458e-08,1.452050266044924e-07,4.247455809127544e-12,3.392365151385839e-11,2.75047834132821e-10,2.26054171438138e-09,1.843185189456267e-08,1.37991414317811e-07,0.1646927891774699,0.2428202298666162,0.3225894239383951,0.4057018261971382,0.4952883858457299,0.5919994848978464,1.56267414336311,1.487185686438995,1.409911345998272,1.328803007689508,1.240514577722002,1.144146088040699,,2.15%,,,2.04%
14,4.273970837185823e-12,3.388454713612079e-11,2.735165186150688e-10,2.235005982703747e-09,1.810037725059707e-08,1.345046656784022e-07,3.954200846564477e-12,3.154791153186637e-11,2.557126594870182e-10,2.099976554647856e-09,1.709748401828978e-08,1.277615331392214e-07,0.1620647840134021,0.240080167886078,0.3197753601574509,0.4027097798103317,0.4919038800875864,0.5880549448925825,1.5652663091401,1.489837415960739,1.412639344993472,1.331737546345949,1.243859117235136,1.148151735613209,,1.61%,,,0.86%
13,3.985290033789766e-12,3.146240899052722e-11,2.53940696308499e-10,2.074942367057805e-09,1.680082215757038e-08,1.249104799769799e-07,3.682618913357822e-12,2.929368294421044e-11,2.373997074788033e-10,1.949192808457708e-09,1.586740663558052e-08,1.186077123957974e-07,0.159429370771739,0.2372785926505202,0.3169137242858767,0.3996920119518694,0.4885560951153896,0.5842660481224814,1.567843725267807,1.492527574913366,1.415395945932073,1.33469613783222,1.24716717384762,1.151984611206899,,1.52%,,,0.36%
12,3.665121129250891e-12,2.891939317111224e-11,2.333414043397663e-10,1.904481975320877e-09,1.539080360583564e-08,1.142080154758582e-07,3.386440003728207e-12,2.691830280766539e-11,2.180679020081955e-10,1.788655787177868e-09,1.453303345081358e-08,1.083952034037296e-07,0.1562698665034194,0.2340868533420019,0.3136461600873061,0.3962205905866076,0.4846357172013071,0.5797104664592521,1.570879842274078,1.495629048346878,1.41859092398703,1.338097918325893,1.2510402929056,1.156585147868398,,0.57%,,,-1.20%
11,3.366343433576517e-12,2.669522362649636e-11,2.15455541909013e-10,1.760970081137674e-09,1.427136054323049e-08,1.062695950555613e-07,3.116387770969777e-12,2.484690669801458e-11,2.013479088021965e-10,1.653531192819704e-09,1.347381969012437e-08,1.008257196312623e-07,0.1530946820840695,0.2310683239594823,0.3105819723320883,0.3930568699480013,0.4812741537394476,0.5760700016031972,1.57388308241957,1.498548136754841,1.421563595755707,1.341196763727885,1.254360792633873,1.160252765174561,,0.07%,,,-0.39%
10,3.106266603212663e-12,2.415030641624011e-11,1.948295782340412e-10,1.590462214988212e-09,1.286094926698229e-08,9.556497321417893e-08,2.857676538981272e-12,2.247133328868567e-11,1.820100770600001e-10,1.493023773299042e-09,1.213932088389554e-08,9.062969145761368e-08,0.1500296605128635,0.2272767338381536,0.3067065156824936,0.3889566663344335,0.4766655315369135,0.5707412094965215,1.57703337667666,1.502211585867268,1.425325055939661,1.345211079872491,1.258913002998945,1.165606413247243,,0.73%,,,-2.33%
9,2.760228691500256e-12,2.173244828578829e-11,1.752687017693893e-10,1.430297669628613e-09,1.156062108694855e-08,8.596659779821789e-08,2.548213443970822e-12,2.021733638258879e-11,1.637015750885223e-10,1.342300546419898e-09,1.090926361398522e-08,8.149476785018586e-08,0.1456263643141219,0.2232930830671281,0.3026435461707925,0.3846974781377842,0.4719726374286641,0.5654700243434252,1.581156099465466,1.506061640246744,1.429266068880819,1.349378654945203,1.263547315926874,1.170888263738334,,-1.56%,,,-3.42%
8,2.437035022143396e-12,1.918634980040395e-11,1.546096438810035e-10,1.259723781678078e-09,1.014969683745841e-08,7.525892084193039e-08,2.246204308266989e-12,1.784548519532701e-11,1.443730844417253e-10,1.181836409284074e-09,9.574877851908019e-09,7.131254220408202e-08,0.1409598399334607,0.2185925781849445,0.2978364003758341,0.3796199208213298,0.4662794462479357,0.5589011179266891,1.58572673883826,1.510603883107621,1.433927669746156,1.354343877954494,1.269167963545262,1.177453241251867,,-3.53%,,,-6.32%
7,2.188096881661179e-12,1.731168875453028e-11,1.399024536274729e-10,1.148556081317094e-09,9.383337024625033e-09,7.008614163879543e-08,2.01814865796372e-12,1.610275776575247e-11,1.306401774003506e-10,1.07731364056247e-09,8.850203279749032e-09,6.639601963735277e-08,0.1369160820854891,0.2147231669965381,0.2940147875438974,0.3759388283248241,0.4628649808733024,0.5554092174594681,1.589576616359501,1.514342589575786,1.43763197313217,1.357941592803896,1.272538202892231,1.180936718256903,,-2.49%,,,-1.48%
6,1.918343675195047e-12,1.476798657317007e-11,1.19292445528615e-10,9.779679091653748e-10,7.971888019140644e-09,5.937679586706344e-08,1.755242766057477e-12,1.372738857818937e-11,1.113132852594423e-10,9.168909648606972e-10,7.515883207027576e-09,5.622416773230375e-08,0.131970242809453,0.2087215927763407,0.2879121320886645,0.3695524523716158,0.455820730076602,0.5473414050797731,1.594625934545668,1.520125663457879,1.443539868966565,1.364180144521261,1.279488644174806,1.188969193595786,,-2.29%,,,-4.81%
5,1.628998263654821e-12,1.23478701192796e-11,9.968094287325941e-11,8.176330576331843e-10,6.670430810208805e-09,4.9771207867146e-08,1.483405672303401e-12,1.147328360580455e-11,9.300893241344215e-11,7.662541194002019e-10,6.285982115716667e-09,4.711291638675381e-08,0.1258085392131942,0.201978761755311,0.2810596441527832,0.3624729562640385,0.448186639269709,0.5388497613207899,1.600706323321147,1.526652335042079,1.450159454899976,1.371087794770624,1.287016908505348,1.197399431857454,,-3.25%,,,-7.17%
4,1.364209589317397e-12,9.811262551471189e-12,7.899090576352268e-11,6.466874047948372e-10,5.25806599314994e-09,3.905523341052095e-08,1.225450198313548e-12,9.105479178777792e-12,7.368490312246536e-11,6.058918969247462e-10,4.951886318870283e-09,3.694747684123672e-08,0.1191235209806591,0.1933130003637967,0.2722028513986832,0.3532580552351317,0.4381013436486325,0.5273341270503408,1.607630463530791,1.535026879931241,1.458750625501135,1.38007164566363,1.296954573748855,1.208818346866344,,-2.75%,,,-13.82%
3,1.068560049862495e-12,7.583615025651788e-12,6.11102249555024e-11,5.030004529229202e-10,4.136413736957442e-09,3.110513138482489e-08,9.524678475046764e-13,7.032662171854452e-12,5.696775463246808e-11,4.706718234828102e-10,3.893028764258617e-09,2.941538078910042e-08,0.1098694238260995,0.1836243227594785,0.2624405809988127,0.3434211544886656,0.4280449418255475,0.5166781507396007,1.616701426805148,1.544402156590535,1.468201668411997,1.389650498538033,1.306853222970343,1.219362643320633,,-4.94%,,,-14.33%
2,8.843723941312707e-13,5.126309639779634e-12,4.042185387830355e-11,3.32159519602967e-10,2.722683478758491e-09,2.038064122518031e-08,7.609702994306048e-13,4.712170150834293e-12,3.764330886737728e-11,3.107153674155483e-10,2.559561419308657e-09,1.925753353125922e-08,0.1027716502053758,0.168846602341046,0.2467580188628647,0.3272845198789082,0.4107654128507157,0.4972654573685639,1.624857724728159,1.558919243700842,1.483383392420156,1.405337389503328,1.323834055034766,1.238557243953313,,4.90%,,,-30.86%
1,6.567906683558504e-13,2.686814117128497e-12,2.079450453451405e-11,1.714502174133211e-10,1.418351743768306e-09,1.075803615459465e-08,5.280161282026906e-13,2.45668453467379e-12,1.934296167429617e-11,1.6017382146081e-10,1.331059053831547e-09,1.015018766918535e-08,0.09156702243658459,0.1444054021917599,0.2216277951377841,0.3018094975969807,0.3843615262384779,0.4688204733329566,1.637834093589582,1.582585299176517,1.507655785556977,1.430065289977401,1.349707328022841,1.266659481086284,,14.64%,,,-65.28%
0,4.936110919490739e-13,9.350731994444299e-13,1.061298082153897e-12,1.078073472010815e-12,1.080156722441322e-12,1.080551874220517e-12,3.727859779853484e-13,6.590545363964785e-13,7.47033168865763e-13,7.587725588474544e-13,7.60304196689324e-13,7.606664243297272e-13,0.08082180885414124,0.1044390254105531,0.1090648517604176,0.1096361646563654,0.1097067149288394,0.1097204214909876,1.650164389657008,1.62974710381306,1.625334300395751,1.624787653672369,1.624716818751017,1.624699927536459,,43.21%,,,-822653.36%
